iso3c,country,year,gdp,gdp_forc20,gap_dollars,gap_relative
AFG,Afghanistan,2019,100,100,0,0
ALB,Albania,2019,100,100,0,0
DZA,Algeria,2019,100,100,0,0
ASM,American Samoa,2019,100,100,0,0
AND,Andorra,2019,100,100,0,0
AGO,Angola,2019,100,100,0,0
ATG,Antigua and Barbuda,2019,100,100,0,0
ARG,Argentina,2019,100,100,0,0
ARM,Armenia,2019,100,100,0,0
ABW,Aruba,2019,100,100,0,0
AUS,Australia,2019,100,100,0,0
AUT,Austria,2019,100,100,0,0
AZE,Azerbaijan,2019,100,100,0,0
BHS,Bahamas,2019,100,100,0,0
BHR,Bahrain,2019,100,100,0,0
BGD,Bangladesh,2019,100,100,0,0
BRB,Barbados,2019,100,100,0,0
BLR,Belarus,2019,100,100,0,0
BEL,Belgium,2019,100,100,0,0
BLZ,Belize,2019,100,100,0,0
BEN,Benin,2019,100,100,0,0
BMU,Bermuda,2019,100,100,0,0
BTN,Bhutan,2019,100,100,0,0
BOL,Bolivia,2019,100,100,0,0
BIH,Bosnia and Herzegovina,2019,100,100,0,0
BWA,Botswana,2019,100,100,0,0
BRA,Brazil,2019,100,100,0,0
BRN,Brunei,2019,100,100,0,0
BGR,Bulgaria,2019,100,100,0,0
BFA,Burkina Faso,2019,100,100,0,0
BDI,Burundi,2019,100,100,0,0
CPV,Cape Verde,2019,100,100,0,0
KHM,Cambodia,2019,100,100,0,0
CMR,Cameroon,2019,100,100,0,0
CAN,Canada,2019,100,100,0,0
CYM,Cayman Islands,2019,100,100,0,0
CAF,Central African Republic,2019,100,100,0,0
TCD,Chad,2019,100,100,0,0
CHL,Chile,2019,100,100,0,0
CHN,China,2019,100,100,0,0
COL,Colombia,2019,100,100,0,0
COM,Comoros,2019,100,100,0,0
COD,Democratic Republic of the Congo,2019,100,100,0,0
COG,Republic of the Congo,2019,100,100,0,0
CRI,Costa Rica,2019,100,100,0,0
CIV,Côte d'Ivoire,2019,100,100,0,0
HRV,Croatia,2019,100,100,0,0
CUB,Cuba,2019,100,100,0,0
CUW,Curaçao,2019,100,100,0,0
CYP,Cyprus,2019,100,100,0,0
CZE,Czech Republic,2019,100,100,0,0
DNK,Denmark,2019,100,100,0,0
DJI,Djibouti,2019,100,100,0,0
DMA,Dominica,2019,100,100,0,0
DOM,Dominican Republic,2019,100,100,0,0
ECU,Ecuador,2019,100,100,0,0
EGY,Egypt,2019,100,100,0,0
SLV,El Salvador,2019,100,100,0,0
GNQ,Equatorial Guinea,2019,100,100,0,0
EST,Estonia,2019,100,100,0,0
SWZ,Eswatini,2019,100,100,0,0
ETH,Ethiopia,2019,100,100,0,0
FRO,Faroe Islands,2019,100,100,0,0
FJI,Fiji,2019,100,100,0,0
FIN,Finland,2019,100,100,0,0
FRA,France,2019,100,100,0,0
PYF,French Polynesia,2019,100,100,0,0
GAB,Gabon,2019,100,100,0,0
GMB,Gambia,2019,100,100,0,0
GEO,Georgia,2019,100,100,0,0
DEU,Germany,2019,100,100,0,0
GHA,Ghana,2019,100,100,0,0
GRC,Greece,2019,100,100,0,0
GRL,Greenland,2019,100,100,0,0
GRD,Grenada,2019,100,100,0,0
GUM,Guam,2019,100,100,0,0
GTM,Guatemala,2019,100,100,0,0
GIN,Guinea,2019,100,100,0,0
GNB,Guinea-Bissau,2019,100,100,0,0
GUY,Guyana,2019,100,100,0,0
HTI,Haiti,2019,100,100,0,0
HND,Honduras,2019,100,100,0,0
HKG,Hong Kong,2019,100,100,0,0
HUN,Hungary,2019,100,100,0,0
ISL,Iceland,2019,100,100,0,0
IND,India,2019,100,100,0,0
IDN,Indonesia,2019,100,100,0,0
IRN,Iran,2019,100,100,0,0
IRQ,Iraq,2019,100,100,0,0
IRL,Ireland,2019,100,100,0,0
IMN,Isle of Man,2019,100,100,0,0
ISR,Israel,2019,100,100,0,0
ITA,Italy,2019,100,100,0,0
JAM,Jamaica,2019,100,100,0,0
JPN,Japan,2019,100,100,0,0
JOR,Jordan,2019,100,100,0,0
KAZ,Kazakhstan,2019,100,100,0,0
KEN,Kenya,2019,100,100,0,0
KIR,Kiribati,2019,100,100,0,0
KOR,South Korea,2019,100,100,0,0
XKX,Kosovo,2019,100,100,0,0
KWT,Kuwait,2019,100,100,0,0
KGZ,Kyrgyzstan,2019,100,100,0,0
LAO,Lao People's Democratic Republic,2019,100,100,0,0
LVA,Latvia,2019,100,100,0,0
LBN,Lebanon,2019,100,100,0,0
LSO,Lesotho,2019,100,100,0,0
LBR,Liberia,2019,100,100,0,0
LBY,Libya,2019,100,100,0,0
LIE,Liechtenstein,2019,100,100,0,0
LTU,Lithuania,2019,100,100,0,0
LUX,Luxembourg,2019,100,100,0,0
MAC,Macao,2019,100,100,0,0
MDG,Madagascar,2019,100,100,0,0
MWI,Malawi,2019,100,100,0,0
MYS,Malaysia,2019,100,100,0,0
MDV,Maldives,2019,100,100,0,0
MLI,Mali,2019,100,100,0,0
MLT,Malta,2019,100,100,0,0
MHL,Marshall Islands,2019,100,100,0,0
MRT,Mauritania,2019,100,100,0,0
MUS,Mauritius,2019,100,100,0,0
MEX,Mexico,2019,100,100,0,0
FSM,Micronesia,2019,100,100,0,0
MDA,Moldova,2019,100,100,0,0
MCO,Monaco,2019,100,100,0,0
MNG,Mongolia,2019,100,100,0,0
MNE,Montenegro,2019,100,100,0,0
MAR,Morocco,2019,100,100,0,0
MOZ,Mozambique,2019,100,100,0,0
MMR,Myanmar,2019,100,100,0,0
NAM,Namibia,2019,100,100,0,0
NRU,Nauru,2019,100,100,0,0
NPL,Nepal,2019,100,100,0,0
NLD,Netherlands,2019,100,100,0,0
NCL,,2019,100,100,0,0
NZL,New Zealand,2019,100,100,0,0
NIC,Nicaragua,2019,100,100,0,0
NER,Niger,2019,100,100,0,0
NGA,Nigeria,2019,100,100,0,0
MKD,North Macedonia,2019,100,100,0,0
MNP,Northern Mariana Islands,2019,100,100,0,0
NOR,Norway,2019,100,100,0,0
OMN,Oman,2019,100,100,0,0
PAK,Pakistan,2019,100,100,0,0
PLW,Palau,2019,100,100,0,0
PAN,Panama,2019,100,100,0,0
PNG,Papua New Guinea,2019,100,100,0,0
PRY,Paraguay,2019,100,100,0,0
PER,Peru,2019,100,100,0,0
PHL,Philippines,2019,100,100,0,0
POL,Poland,2019,100,100,0,0
PRT,Portugal,2019,100,100,0,0
PRI,Puerto Rico,2019,100,100,0,0
QAT,Qatar,2019,100,100,0,0
ROU,Romania,2019,100,100,0,0
RUS,Russia,2019,100,100,0,0
RWA,Rwanda,2019,100,100,0,0
WSM,Samoa,2019,100,100,0,0
SMR,San Marino,2019,100,100,0,0
STP,Sao Tome and Principe,2019,100,100,0,0
SAU,Saudi Arabia,2019,100,100,0,0
SEN,Senegal,2019,100,100,0,0
SRB,Serbia,2019,100,100,0,0
SYC,Seychelles,2019,100,100,0,0
SLE,Sierra Leone,2019,100,100,0,0
SGP,Singapore,2019,100,100,0,0
SXM,,2019,100,100,0,0
SVK,Slovakia,2019,100,100,0,0
SVN,Slovenia,2019,100,100,0,0
SLB,Solomon Islands,2019,100,100,0,0
SOM,Somalia,2019,100,100,0,0
ZAF,South Africa,2019,100,100,0,0
SSD,South Sudan,2019,100,100,0,0
ESP,Spain,2019,100,100,0,0
LKA,Sri Lanka,2019,100,100,0,0
KNA,Saint Kitts and Nevis,2019,100,100,0,0
LCA,Saint Lucia,2019,100,100,0,0
VCT,Saint Vincent and the Grenadines,2019,100,100,0,0
SDN,Sudan,2019,100,100,0,0
SUR,Suriname,2019,100,100,0,0
SWE,Sweden,2019,100,100,0,0
CHE,Switzerland,2019,100,100,0,0
SYR,Syrian Arab Republic,2019,100,100,0,0
TJK,Tajikistan,2019,100,100,0,0
TZA,Tanzania,2019,100,100,0,0
THA,Thailand,2019,100,100,0,0
TLS,Timor-Leste,2019,100,100,0,0
TGO,Togo,2019,100,100,0,0
TON,Tonga,2019,100,100,0,0
TTO,Trinidad and Tobago,2019,100,100,0,0
TUN,Tunisia,2019,100,100,0,0
TUR,Turkey,2019,100,100,0,0
TKM,Turkmenistan,2019,100,100,0,0
TCA,Turks and Caicos Islands,2019,100,100,0,0
TUV,Tuvalu,2019,100,100,0,0
UGA,Uganda,2019,100,100,0,0
UKR,Ukraine,2019,100,100,0,0
ARE,United Arab Emirates,2019,100,100,0,0
GBR,United Kingdom,2019,100,100,0,0
USA,United States,2019,100,100,0,0
URY,Uruguay,2019,100,100,0,0
UZB,Uzbekistan,2019,100,100,0,0
VUT,Vanuatu,2019,100,100,0,0
VNM,Vietnam,2019,100,100,0,0
VIR,Virgin Islands (U.S.),2019,100,100,0,0
PSE,Palestine,2019,100,100,0,0
YEM,Yemen,2019,100,100,0,0
ZMB,Zambia,2019,100,100,0,0
ZWE,Zimbabwe,2019,100,100,0,0
AFG,Afghanistan,2020,97.64889933,103,-1181094929,-5.2
ALB,Albania,2020,96.51836963,103.4,-892388694,-6.66
DZA,Algeria,2020,94.9,101.9,-12414891928,-6.869
ASM,American Samoa,2020,105.0653595,,,
AND,Andorra,2020,88.81606006,,,
AGO,Angola,2020,94.4,101.5,-5902850193,-6.9951
ATG,Antigua and Barbuda,2020,79.80762943,103.322,-383334994,-22.8
ARG,Argentina,2020,90.05676487,98.7,-49391830896,-9
ARM,Armenia,2020,92.8,105.1,-1582701969,-11.7
ABW,Aruba,2020,81.41090022,101,-662285707,-19.395
AUS,Australia,2020,99.94911466,102.263,-34518058409,-2.26
AUT,Austria,2020,93.54603153,101.7,-33775559573,-8.02
AZE,Azerbaijan,2020,95.6999999,102.3,-3538426678,-6.452
BHS,Bahamas,2020,76.17739241,99.443,-2925595896,-23.4
BHR,Bahrain,2020,95.06414502,102.1,-2461511114,-6.89
BGD,Bangladesh,2020,103.4480215,107.2,-9675171883,-3.5
BRB,Barbados,2020,86.68897847,100.6,-669143931,-13.8
BLR,Belarus,2020,99.30039239,100.9,-943984026,-1.585
BEL,Belgium,2020,94.63861337,101.3,-32984364111,-6.58
BLZ,Belize,2020,86.59704091,102.1,-356338601,-15.18
BEN,Benin,2020,103.8485231,106.7,-404333933,-2.67
BMU,Bermuda,2020,93.16204481,,,
BTN,Bhutan,2020,89.99030074,105.6,-385707007,-14.8
BOL,Bolivia,2020,91.26211557,103,-4483077206,-11.4
BIH,Bosnia and Herzegovina,2020,96.88070948,103.4,-1199839501,-6.304923129
BWA,Botswana,2020,91.27359137,104.1,-2079380234,-12.32
BRA,Brazil,2020,96.12132367,102,-1.06973E+11,-5.763408171
BRN,Brunei,2020,101.1335733,104.702,-473845542,-3.41
BGR,Bulgaria,2020,96.0413854,103,-3997325595,-6.756
BFA,Burkina Faso,2020,101.9303249,106,-610517563,-3.84
BDI,Burundi,2020,100.3271569,102,-53662071,-1.64
CPV,Cape Verde,2020,85.21659499,105,-378876694,-18.84
KHM,Cambodia,2020,96.90399327,106.8,-2351297322,-9.27
CMR,Cameroon,2020,100.2599329,104.2,-1477606586,-4
CAN,Canada,2020,94.7669757,101.761,-1.1863E+11,-6.873
CYM,Cayman Islands,2020,94.31602438,,,
CAF,Central African Republic,2020,100.9,104.969,-80847341,-3.88
TCD,Chad,2020,98.39999326,105.5,-747350775,-6.7
CHL,Chile,2020,94.02177594,102.5,-22219794262,-8.27
CHN,China,2020,102.2397019,105.9,-5.23289E+11,-3.456
COL,Colombia,2020,92.95184879,103.6,-34222516940,-10.28
COM,Comoros,2020,99.80444317,104.8,-54593632,-4.766752698
COD,Democratic Republic of the Congo,2020,101.7354228,103.9,-962969714,-2.08
COG,Republic of the Congo,2020,93.76068037,104.6,-1045711952,-10.36
CRI,Costa Rica,2020,95.94909183,102.5,-4217637836,-6
CIV,Côte d'Ivoire,2020,101.9788212,107,-3005757444,-4.693
HRV,Croatia,2020,91.41965698,102.6,-6395813648,-10.9
CUB,Cuba,2020,89.05165903,,,
CUW,Curaçao,2020,81.56152815,,,
CYP,Cyprus,2020,95.62752581,102.885,-1815245805,-7.054
CZE,Czech Republic,2020,94.49703204,102.617,-17509927135,-7.913
DNK,Denmark,2020,98.00539243,101.905,-12970193951,-3.827
DJI,Djibouti,2020,101.202022,107.5,-190748786,-5.9
DMA,Dominica,2020,83.39508846,104.935,-122104240,-20.5
DOM,Dominican Republic,2020,93.27976063,105,-10464696013,-11
ECU,Ecuador,2020,92.21239291,100.2,-8123567366,-7.97
EGY,Egypt,2020,103.5696695,105.8,-8877550285,-2.11
SLV,El Salvador,2020,91.82278256,102.5,-2752562643,-10.417
GNQ,Equatorial Guinea,2020,95.75851868,97.7,-195144630,-1.99
EST,Estonia,2020,99.44899874,102.9,-928169520,-3.35
SWZ,Eswatini,2020,98.44035741,102.6,-183225444,-4.054
ETH,Ethiopia,2020,106.0595309,106.3,-215556563,-0.226
FRO,Faroe Islands,2020,100,,,
FJI,Fiji,2020,82.99976498,101.7,-975406002,-18.39
FIN,Finland,2020,97.79486063,101.465,-9349465705,-3.617
FRA,France,2020,92.21541351,101.263,-2.36758E+11,-8.93
PYF,French Polynesia,2020,90,,,
GAB,Gabon,2020,98.16223894,103,-747929549,-4.7
GMB,Gambia,2020,100.5914873,106.3,-95761877,-5
GEO,Georgia,2020,93.23956018,104.3,-1964102200,-10.604
DEU,Germany,2020,96.30321129,101.247,-1.77811E+11,-4.883
GHA,Ghana,2020,100.5139416,106.8,-3926630954,-5.89
GRC,Greece,2020,90.99595636,102.22,-22887252533,-10.98
GRL,Greenland,2020,100.3565317,,,
GRD,Grenada,2020,86.24407055,102.9,-189034863,-16.18652
GUM,Guam,2020,88.60781886,,,
GTM,Guatemala,2020,98.23591707,103,-3372220789,-5
GIN,Guinea,2020,104.9202664,106,-130381169,-1.02
GNB,Guinea-Bissau,2020,97.6,104.9,-91157241,-6.96
GUY,Guyana,2020,143.4795559,186.7,-2191726718,-23.1
HTI,Haiti,2020,96.65662739,98.6,-300720470,-1.97
HND,Honduras,2020,91.03523982,103.5,-3036458522,-12
HKG,Hong Kong,2020,93.45499176,101.464,-26573246339,-7.893
HUN,Hungary,2020,95.45273618,103,-11122773254,-7.327440605
ISL,Iceland,2020,93.15770397,101.631,-1766066023,-8.34
IND,India,2020,93.40391948,105.8,-3.32927E+11,-11.72
IDN,Indonesia,2020,97.93499506,105.1,-75184563320,-6.817
IRN,Iran,2020,103.3302885,100,14463534304,3.33
IRQ,Iraq,2020,88.67580074,105.1,-33138350668,-15.627
IRL,Ireland,2020,106.184538,103.501,9962804081,2.6
IMN,Isle of Man,2020,87.15579415,,,
ISR,Israel,2020,98.14271072,103.069,-17658788997,-4.78
ITA,Italy,2020,90.96004659,100.537,-1.83701E+11,-9.5258
JAM,Jamaica,2020,90,101.1,-1657688239,-11
JPN,Japan,2020,95.49309546,100.7,-2.37906E+11,-5.17
JOR,Jordan,2020,98.43052664,102.2,-1579267001,-4
KAZ,Kazakhstan,2020,97.5,103.7,-13088632266,-5.97878
KEN,Kenya,2020,99.7498443,106,-5266690237,-5.9
KIR,Kiribati,2020,99.4529962,102.348,-5124686,-2.83
KOR,South Korea,2020,99.29058464,102.218,-47946674757,-2.86
XKX,Kosovo,2020,94.6597247,104.2,-720044706,-9.2
KWT,Kuwait,2020,91.14472108,102.2,-12654148476,-10.82
KGZ,Kyrgyzstan,2020,91.6016357,104,-982027831,-11.92
LAO,Lao People's Democratic Republic,2020,100.5030318,105.8,-979507177,-5.01
LVA,Latvia,2020,97.79701466,102.794,-1536813554,-4.861
LBN,Lebanon,2020,78.60010008,100.3,-10120171511,-21.63
LSO,Lesotho,2020,91.64360427,100.7,-216609918,-8.993
LBR,Liberia,2020,97.01750872,101.4,-140736435,-4.322
LBY,Libya,2020,76.07021755,99.964,-14563312595,-23.902
LIE,Liechtenstein,2020,100,,,
LTU,Lithuania,2020,99.97823703,102.718,-1320513055,-2.67
LUX,Luxembourg,2020,99.20256441,102.774,-2363294007,-3.475
MAC,Macao,2020,45.76409998,98.936,-27157005603,-53.7
MDG,Madagascar,2020,92.86232838,105.3,-1640076199,-11.8117
MWI,Malawi,2020,100.7999983,104.8,-299097858,-3.8
MYS,Malaysia,2020,94.46554378,104.5,-36585793701,-9.6
MDV,Maldives,2020,66.50720421,105.5,-2115377402,-36.96
MLI,Mali,2020,98.76454955,105,-999464207,-5.939
MLT,Malta,2020,91.67571677,104.316,-1807926542,-12.12
MHL,Marshall Islands,2020,98.15840358,102.302,-9238285,-4.05
MRT,Mauritania,2020,99.06148385,105.7,-486015509,-6.3
MUS,Mauritius,2020,85.40260157,103.9,-2565839304,-17.803
MEX,Mexico,2020,92.01208766,101.2,-1.15085E+11,-9.08
FSM,Micronesia,2020,98.23458485,100.778,-8455801,-2.524
MDA,Moldova,2020,92.61981785,103.6,-1005287303,-10.6
MCO,Monaco,2020,87.03486529,,,
MNG,Mongolia,2020,95.44224803,105.5,-1425642722,-9.53
MNE,Montenegro,2020,84.69310624,103.1,-879804678,-17.853
MAR,Morocco,2020,92.81292042,103.5,-13214846725,-10.33
MOZ,Mozambique,2020,98.76609429,103.7,-897161215,-4.76
MMR,Myanmar,2020,103.1737744,106.7,-2950992076,-3.3
NAM,Namibia,2020,91.96378634,100.9,-1004994294,-8.85651
NRU,Nauru,2020,101.1494253,100.734,372304,0.4124
NPL,Nepal,2020,97.63037937,106.4,-2683967948,-8.24
NLD,Netherlands,2020,96.11391608,101.639,-46424541301,-5.436
NCL,,2020,100,,,
NZL,New Zealand,2020,98.74733547,102.699,-7988317424,-3.848
NIC,Nicaragua,2020,98.21002456,99.5,-167404968,-1.3
NER,Niger,2020,103.5502275,106,-299169112,-2.31
NGA,Nigeria,2020,98.20574692,102.1,-19836228215,-3.81
MKD,North Macedonia,2020,93.88911329,103.2,-1041468293,-9.02
MNP,Northern Mariana Islands,2020,100,,,
NOR,Norway,2020,99.28281733,102.441,-12837003120,-3.08
OMN,Oman,2020,96.6202856,103.7,-5879957015,-6.82711128
PAK,Pakistan,2020,98.72591256,102.4,-11919180305,-3.59
PLW,Palau,2020,90.89279312,101.8,-29465836,-10.7
PAN,Panama,2020,82.0551064,104.2,-14174179798,-21.25
PNG,Papua New Guinea,2020,96.83261882,102.9,-1499848081,-5.896
PRY,Paraguay,2020,99.18021461,103.1,-1594451124,-3.8
PER,Peru,2020,89.04730107,103.2,-30431158572,-13.71
PHL,Philippines,2020,90.48170526,106.1,-61883555154,-14.72
POL,Poland,2020,97.97992927,103.6,-32118879427,-5.425
PRT,Portugal,2020,91.69948396,101.6,-22015023237,-9.74
PRI,Puerto Rico,2020,95.64657366,99.307,-3528275753,-3.686
QAT,Qatar,2020,96.3595502,101.5,-8611031054,-5.064
ROU,Romania,2020,96.32248921,103.4,-15427922040,-6.84
RUS,Russia,2020,97.33624249,101.6,-62316952930,-4.2
RWA,Rwanda,2020,96.64114668,108.1,-1281431770,-10.6
WSM,Samoa,2020,96.89155599,104.399,-70337637,-7.19
SMR,San Marino,2020,93.35208918,100.699,-110843948,-7.3
STP,Sao Tome and Principe,2020,103.0245677,103.5,-1710382,-0.46
SAU,Saudi Arabia,2020,95.86232962,101.9,-41003463036,-5.925
SEN,Senegal,2020,101.3255051,106.8,-1235080762,-5.13
SRB,Serbia,2020,99.0967815,103.9,-2191020559,-4.62
SYC,Seychelles,2020,92.30732753,103.3,-182351635,-10.6415
SLE,Sierra Leone,2020,98.03105218,104.9,-348716680,-6.55
SGP,Singapore,2020,95.85689438,100.993,-17969069740,-5.086
SXM,,2020,113.0931121,,,
SVK,Slovakia,2020,96.62531823,102.7,-6044141266,-5.91
SVN,Slovenia,2020,95.6786301,102.936,-3656488433,-7.05
SLB,Solomon Islands,2020,96.61795252,102.8,-91968546,-6.01366
SOM,Somalia,2020,102.4893743,103.2,-48661635,-0.689
ZAF,South Africa,2020,93.65752885,100.9,-26037957350,-7
SSD,South Sudan,2020,100,108.213,-985379376,-7.6
ESP,Spain,2020,88.67456168,101.847,-1.74392E+11,-12.93
LKA,Sri Lanka,2020,96.52770318,103.3,-6583163846,-6.56
KNA,Saint Kitts and Nevis,2020,85.46792701,103.5,-190460406,-17.42
LCA,Saint Lucia,2020,75.63538122,103.2,-546176833,-26.71
VCT,Saint Vincent and the Grenadines,2020,94.68735377,102.3,-65602595,-7.44
SDN,Sudan,2020,96.37019908,98.6,-1879820397,-2.26
SUR,Suriname,2020,84.02480361,102.5,-971107575,-18.025
SWE,Sweden,2020,97.82978682,101.462,-19970681063,-3.58
CHE,Switzerland,2020,97.62443672,101.26,-27161648925,-3.59
SYR,Syrian Arab Republic,2020,96.12631831,,,
TJK,Tajikistan,2020,104.4000497,105.5,-120374628,-1.04
TZA,Tanzania,2020,101.9963435,105.8,-2294310437,-3.59513846
THA,Thailand,2020,93.80451084,102.7,-40953068454,-8.66
TLS,Timor-Leste,2020,131.9144872,104.6,535393638,26.11
TGO,Togo,2020,101.752825,105.5,-191041301,-4
TON,Tonga,2020,100.4886453,103.682,-15512159,-3.08
TTO,Trinidad and Tobago,2020,92.32166884,101.492,-2171119887,-9.04
TUN,Tunisia,2020,91.37886451,102.2,-5333404007,-10.5882
TUR,Turkey,2020,101.9400322,103,-10561406374,-1.03
TKM,Turkmenistan,2020,83.17496198,105.2,-10067650558,-20.9
TCA,Turks and Caicos Islands,2020,73.21712307,,,
TUV,Tuvalu,2020,101.5151515,104.38,-1313273,-2.74
UGA,Uganda,2020,102.9513064,106.5,-1405284332,-3.332
UKR,Ukraine,2020,96.2471959,103.7,-7597694769,-7.187
ARE,United Arab Emirates,2020,95.04294756,102.6,-30480331567,-7.37
GBR,United Kingdom,2020,88.96914154,101.448,-3.96099E+11,-12.301
USA,United States,2020,97.23219749,101.8,-9.10316E+11,-4.49
URY,Uruguay,2020,93.87852372,102.5,-4786069818,-8.411
UZB,Uzbekistan,2020,101.8862453,105.7,-4048736761,-3.61
VUT,Vanuatu,2020,94.60374579,103.1,-73424554,-8.24
VNM,Vietnam,2020,102.8654119,106.5,-11447049967,-3.413
VIR,Virgin Islands (U.S.),2020,97.85299318,,,
PSE,Palestine,2020,88.68153389,102.5,-2187325000,-13.5
YEM,Yemen,2020,100,101.984,-729896602,-1.9
ZMB,Zambia,2020,97.21494493,102.6,-1297252315,-5.249
ZWE,Zimbabwe,2020,92.18304935,102.7,-2168708665,-10.24
AFG,Afghanistan,2021,77.39930488,106.605,-6446280966,-27.4
ALB,Albania,2021,104.7373925,107.1224,-309280452,-2.23
DZA,Algeria,2021,98.2215,104.1418,-10499983525,-5.685
ASM,American Samoa,2021,103.1045752,,,
AND,Andorra,2021,96.76458051,,,
AGO,Angola,2021,95.4384,103.936,-7064797155,-8.1758
ATG,Antigua and Barbuda,2021,84.01416894,105.914349,-357020205,-20.7
ARG,Argentina,2021,99.42109194,100.0818,-3775621102,-1
ARM,Armenia,2021,98.0896,110.5652,-1605297292,-11.28
ABW,Aruba,2021,95.39119399,102.111,-227189178,-6.581
AUS,Australia,2021,102.1841892,104.9034307,-40565076458,-2.59
AUT,Austria,2021,97.80878473,103.27635,-22647877215,-5.29
AZE,Azerbaijan,2021,101.0592356,104.4483,-1816963005,-3.245
BHS,Bahamas,2021,86.62872874,101.5322974,-1874089006,-14.68
BHR,Bahrain,2021,97.17965615,104.5504,-2578672806,-7.05
BGD,Bangladesh,2021,110.6259435,115.0256,-11345329370,-3.82
BRB,Barbados,2021,86.52489976,102.109,-749621879,-15.3
BLR,Belarus,2021,101.5841817,101.4045,106036394,0.177
BEL,Belgium,2021,100.4436191,102.621965,-10786246106,-2.12
BLZ,Belize,2021,99.7824195,103.9378,-95512248,-4
BEN,Benin,2021,111.2796425,113.8489,-364315761,-2.26
BMU,Bermuda,2021,98.2054036,,,
BTN,Bhutan,2021,93.66876119,113.6256,-493122413,-17.6
BOL,Bolivia,2021,96.83440167,106.296,-3613690016,-8.9
BIH,Bosnia and Herzegovina,2021,104.1909317,107.4326,-596611190,-3.017397228
BWA,Botswana,2021,101.6514187,108.4722,-1105765324,-6.29
BRA,Brazil,2021,100.5615729,104.55,-72576826335,-3.814851388
BRN,Brunei,2021,99.52477841,108.4660369,-1187295101,-8.24
BGR,Bulgaria,2021,103.3737703,106.193,-1619485992,-2.655
BFA,Burkina Faso,2021,108.9699814,112.36,-508558015,-3.02
BDI,Burundi,2021,102.1283303,104.142,-64595230,-1.934
CPV,Cape Verde,2021,91.14123504,110.25,-365956502,-17.33
KHM,Cambodia,2021,99.83668541,114.0624,-3380038588,-12.47
CMR,Cameroon,2021,103.9193371,108.6806,-1785571975,-4
CAN,Canada,2021,99.07023727,103.5479232,-75948854769,-4.324
CYM,Cayman Islands,2021,96.05073786,,,
CAF,Central African Republic,2021,101.8081,110.1786115,-166314474,-7.6
TCD,Chad,2021,97.21920267,110.564,-1404681009,-12.1
CHL,Chile,2021,104.992448,105.575,-1526756662,-0.55
CHN,China,2021,110.5311296,112.0422,-2.16028E+11,-1.349
COL,Colombia,2021,102.8763298,107.6404,-15311434687,-4.43
COM,Comoros,2021,101.9125082,108.6776,-73931885,-6.224918284
COD,Democratic Republic of the Congo,2021,108.0431757,107.4326,271630810,0.57
COG,Republic of the Congo,2021,91.69794296,106.5874,-1436444696,-13.97
CRI,Costa Rica,2021,103.2216159,105.575,-1515167298,-2
CIV,Côte d'Ivoire,2021,109.1560498,114.597,-3257039249,-4.748
HRV,Croatia,2021,103.3702219,105.0624,-968025391,-1.61
CUB,Cuba,2021,90.16844953,,,
CUW,Curaçao,2021,85.01354204,,,
CYP,Cyprus,2021,101.9761674,105.6752412,-925215578,-3.5
CZE,Czech Republic,2021,97.846218,105.3322458,-16142896409,-7.107
DNK,Denmark,2021,102.7642477,103.6608232,-2982032728,-0.865
DJI,Djibouti,2021,106.0723465,116.1,-303710611,-8.6
DMA,Dominica,2021,88.96748633,109.3118389,-115326922,-18.6
DOM,Dominican Republic,2021,104.7270437,110.25,-4931303583,-5
ECU,Ecuador,2021,96.11781942,101.0016,-4966909370,-4.84
EGY,Egypt,2021,107.0151653,112.148,-20430603437,-4.58
SLV,El Salvador,2021,101.2607653,105.0625,-980078646,-3.619
GNQ,Equatorial Guinea,2021,94.853234,98.677,-384339212,-3.88
EST,Estonia,2021,107.4183074,105.7812,440310815,1.55
SWZ,Eswatini,2021,106.2007124,105.165,45621435,0.985
ETH,Ethiopia,2021,112.038428,113.1032,-954461829,-0.941
FRO,Faroe Islands,2021,100,,,
FJI,Fiji,2021,78.75714286,104.6493,-1350537331,-24.74
FIN,Finland,2021,100.7025261,102.9605941,-5752296269,-2.193
FRA,France,2021,98.50135937,102.6178989,-1.07722E+11,-4.01
PYF,French Polynesia,2021,90.92183004,,,
GAB,Gabon,2021,99.59765211,106.296,-1035580767,-6.3
GMB,Gambia,2021,104.8822093,112.4654,-127210118,-7
GEO,Georgia,2021,102.9975811,108.9935,-1064749472,-5.501
DEU,Germany,2021,98.83308439,102.7039443,-1.39221E+11,-3.769
GHA,Ghana,2021,105.8979487,112.3536,-4032568382,-5.75
GRC,Greece,2021,98.67094251,103.9648954,-10795043269,-5.09
GRL,Greenland,2021,92.77861329,,,
GRD,Grenada,2021,90.28714418,105.8841,-177016144,-14.730215
GUM,Guam,2021,89.54537414,,,
GTM,Guatemala,2021,106.0758992,106.296,-155796728,0
GIN,Guinea,2021,109.0121568,112.36,-404262406,-2.98
GNB,Guinea-Bissau,2021,101.3088024,110.145,-110340191,-8.02
GUY,Guyana,2021,172.2615706,206.3035,-1726280418,-16.5
HTI,Haiti,2021,94.91850936,98.107,-493391950,-3.25
HND,Honduras,2021,102.4456842,107.1225,-1139288445,-4
HKG,Hong Kong,2021,99.38294114,103.961029,-15189728116,-4.404
HUN,Hungary,2021,102.2464084,105.678,-5057305045,-3.247214759
ISL,Iceland,2021,97.2594794,103.7124029,-1344965273,-6.22
IND,India,2021,101.5125274,112.2538,-2.88483E+11,-9.57
IDN,Indonesia,2021,101.5500109,110.5652,-94599105347,-8.154
IRN,Iran,2021,108.2072484,101,31301277892,7.14
IRQ,Iraq,2021,91.14394572,107.9377,-33883984808,-15.559
IRL,Ireland,2021,120.6131555,106.7612815,51425954992,13
IMN,Isle of Man,2021,93.21513643,,,
ISR,Israel,2021,106.5947515,106.3259804,963437554,0.253
ITA,Italy,2021,97.088277,101.3151564,-81078208831,-4.172
JAM,Jamaica,2021,94.14,102.3132,-1220596173,-8
JPN,Japan,2021,97.07548396,101.3042,-1.93212E+11,-4.17
JOR,Jordan,2021,100.623695,104.6528,-1688042848,-4
KAZ,Kazakhstan,2021,101.6925,107.7443,-12775771734,-5.61682
KEN,Kenya,2021,107.2483946,112.148,-4128649781,-4.37
KIR,Kiribati,2021,100.9447901,104.4389696,-6185336,-3.35
KOR,South Korea,2021,103.406501,105.0269506,-26540535206,-1.54
XKX,Kosovo,2021,104.8314911,108.4722,-274779617,-3.4
KWT,Kuwait,2021,100,104.244,-4857788438,-4.07
KGZ,Kyrgyzstan,2021,94.90901599,108.16,-1049560633,-12.25
LAO,Lao People's Democratic Republic,2021,103.0441012,111.8306,-1624785787,-7.86
LVA,Latvia,2021,101.7754695,105.7698863,-1228475478,-3.777
LBN,Lebanon,2021,73.09711893,100.7012,-12873701528,-27.41
LSO,Lesotho,2021,92.8786147,102.8147,-237650240,-9.664
LBR,Liberia,2021,101.8554933,104.8476,-96086542,-2.854
LBY,Libya,2021,99.93528739,99.964,-17500397,-0.029
LIE,Liechtenstein,2021,100,,,
LTU,Lithuania,2021,105.9579675,105.2469172,342712581,0.68
LUX,Luxembourg,2021,104.2643311,105.5077884,-822821860,-1.179
MAC,Macao,2021,54.58149492,98.87268096,-22621271516,-44.8
MDG,Madagascar,2021,96.95044381,109.9332,-1711953015,-11.8097
MWI,Malawi,2021,103.573426,110.2496,-499207126,-6.1
MYS,Malaysia,2021,97.38656921,109.2025,-43081079520,-10.82
MDV,Maldives,2021,94.27070348,111.408,-929706349,-15.38246
MLI,Mali,2021,101.7794496,110.145,-1340892414,-7.595
MLT,Malta,2021,101.1162654,108.221591,-1016267330,-6.57
MHL,Marshall Islands,2021,99.25266861,104.3531551,-11371703,-4.888
MRT,Mauritania,2021,101.4839019,111.8306,-757496947,-9.3
MUS,Mauritius,2021,88.56558182,108.056,-2703584572,-18.037
MEX,Mexico,2021,96.35557834,103.0216,-83496399403,-6.47
FSM,Micronesia,2021,95.10268239,101.524765,-21350762,-6.326
MDA,Moldova,2021,105.5352713,107.5368,-183249360,-1.86
MCO,Monaco,2021,105.7939778,,,
MNG,Mongolia,2021,97.0044177,110.986,-1981828652,-12.6
MNE,Montenegro,2021,95.22415111,105.9868,-514428396,-10.155
MAR,Morocco,2021,100.1726768,107.226,-8721614177,-6.58
MOZ,Mozambique,2021,101.1009133,108.0554,-1264575386,-6.44
MMR,Myanmar,2021,84.69231314,113.9556,-24489564039,-25.7
NAM,Namibia,2021,94.40639124,102.6153,-923199330,-7.99969
NRU,Nauru,2021,102.6666667,102.0163438,582819,0.6375
NPL,Nepal,2021,101.7766831,113.316,-3531641550,-10.18
NLD,Netherlands,2021,100.7881465,103.1900111,-20181678319,-2.328
NCL,,2021,100,,,
NZL,New Zealand,2021,102.4148215,105.3897138,-6013765539,-2.823
NIC,Nicaragua,2021,108.3692041,100.097,1073515058,8.3
NER,Niger,2021,104.9866029,111.936,-848668583,-6.21
NGA,Nigeria,2021,101.7874937,104.2441,-12513260473,-2.36
MKD,North Macedonia,2021,97.61112577,106.6056,-1006076007,-8.44
MNP,Northern Mariana Islands,2021,139.5324123,,,
NOR,Norway,2021,103.13592,104.0564946,-3741841526,-0.88
OMN,Oman,2021,99.60805217,108.1591,-7101952262,-7.90599019
PAK,Pakistan,2021,105.1303482,105.472,-1108359503,-0.32
PLW,Palau,2021,78.77375403,104.0396,-68255721,-24.3
PAN,Panama,2021,94.63897407,108.9932,-9187643113,-13.17
PNG,Papua New Guinea,2021,97.12311668,105.8841,-2165702737,-8.274
PRY,Paraguay,2021,103.248997,107.1209,-1574973988,-3.61
PER,Peru,2021,100.9346786,106.812,-12637426977,-5.5
PHL,Philippines,2021,95.64201803,112.6782,-67501575804,-15.119
POL,Poland,2021,104.689314,107.0188,-13313085244,-2.177
PRT,Portugal,2021,96.72680886,103.124,-14224946552,-6.2
PRI,Puerto Rico,2021,95.84497606,98.53737075,-2595192483,-2.732
QAT,Qatar,2021,97.89239645,104.748,-11484173059,-6.545
ROU,Romania,2021,101.2350596,106.6054,-11706544127,-5.04
RUS,Russia,2021,101.9593092,103.4288,-21477344730,-1.42
RWA,Rwanda,2021,107.1600708,116.748,-1072208251,-8.212
WSM,Samoa,2021,90.02718844,106.6832501,-156051515,-15.61
SMR,San Marino,2021,93.35208918,101.302187,-119944321,-7.85
STP,Sao Tome and Principe,2021,104.9592898,107.64,-9643935,-2.49
SAU,Saudi Arabia,2021,98.9691604,104.1418,-35128803555,-4.967
SEN,Senegal,2021,107.4703863,114.276,-1535389612,-5.96
SRB,Serbia,2021,106.5785018,108.056,-673970770,-1.37
SYC,Seychelles,2021,99.56442109,106.7089,-118515986,-6.6953
SLE,Sierra Leone,2021,102.0549329,110.0401,-405383917,-7.26
SGP,Singapore,2021,103.1554025,102.5816199,2007423551,0.559
SXM,,2021,100,,,
SVK,Slovakia,2021,99.53789797,105.523223,-5955233775,-5.67
SVN,Slovenia,2021,103.5348623,105.7502702,-1116191350,-2.095
SLB,Solomon Islands,2021,96.42235076,105.6784,-137699588,-8.7587
SOM,Somalia,2021,106.6392824,106.812,-11827216,-0.162
ZAF,South Africa,2021,98.25901379,102.2117,-14210601981,-4
SSD,South Sudan,2021,100,113.639882,-1636485860,-12
ESP,Spain,2021,93.56903833,103.5804359,-1.32543E+11,-9.67
LKA,Sri Lanka,2021,99.73895188,107.1221,-7176955624,-6.89
KNA,Saint Kitts and Nevis,2021,84.71613177,106.605,-231197086,-20.53
LCA,Saint Lucia,2021,84.88548413,106.296,-424236876,-20.142
VCT,Saint Vincent and the Grenadines,2021,95.96763498,104.6529,-74845974,-8.3
SDN,Sudan,2021,94.56950243,98.0084,-2899142124,-3.51
SUR,Suriname,2021,81.73124675,104.6525,-1204804658,-21.902
SWE,Sweden,2021,102.7947314,103.5429856,-4114061005,-0.723
CHE,Switzerland,2021,101.7458637,102.900412,-8625742938,-1.122
SYR,Syrian Arab Republic,2021,96.12631831,,,
TJK,Tajikistan,2021,114.0050531,110.775,353485461,2.92
TZA,Tanzania,2021,106.3608533,112.2538,-3554540006,-5.24966346
THA,Thailand,2021,95.24331781,105.5756,-47567778716,-9.79
TLS,Timor-Leste,2021,138.8946656,109.7254,571749312,26.58
TGO,Togo,2021,107.1056289,111.3025,-213968044,-4
TON,Tonga,2021,97.8081045,106.6732257,-43063545,-8.31
TTO,Trinidad and Tobago,2021,91.37394983,103.8181966,-2946235120,-11.99
TUN,Tunisia,2021,95.32896846,104.8572,-4696171517,-9.0869
TUR,Turkey,2021,113.5137901,107.12,63707047411,5.97
TKM,Turkmenistan,2021,83.17496198,110.986,-12712432649,-25.1
TCA,Turks and Caicos Islands,2021,74.75468096,,,
TUV,Tuvalu,2021,104.5454545,108.8098872,-1954856,-3.92
UGA,Uganda,2021,106.5922621,112.7835,-2451733137,-5.489
UKR,Ukraine,2021,99.51960056,108.0554,-8701744723,-7.899
ARE,United Arab Emirates,2021,98.76511079,105.678,-27882187780,-6.54
GBR,United Kingdom,2021,95.66398971,103.0133426,-2.3328E+11,-7.134
USA,United States,2021,103.013123,103.5306,-1.03128E+11,-0.5
URY,Uruguay,2021,97.9782076,106.0875,-4501739419,-7.644
UZB,Uzbekistan,2021,109.446317,112.042,-2755614344,-2.32
VUT,Vanuatu,2021,95.02875924,105.9868,-94699292,-10.34
VNM,Vietnam,2021,105.5003621,113.4225,-24950587869,-6.985
VIR,Virgin Islands (U.S.),2021,97.85299318,,,
PSE,Palestine,2021,94.93398193,105.165,-1619467850,-9.7
YEM,Yemen,2021,100,115.8701414,-5838489071,-13.7
ZMB,Zambia,2021,101.6856017,105.2676,-862898435,-3.403
ZWE,Zimbabwe,2021,99.98912555,105.2675,-1088457747,-5.014
ABW,Aruba,2022,100.8151373,103.234221,-81786534,-2.343
AGO,Angola,2022,98.778744,107.05408,-6880009677,-7.7301
ALB,Albania,2022,109.7647875,110.871684,-143538936,-1
ARE,United Arab Emirates,2022,106.5675546,108.84834,-9199234018,-2.1
ARG,Argentina,2022,104.5909885,102.3836814,12613672798,2
ARM,Armenia,2022,110.4488896,116.3145904,-754768797,-5.04
ATG,Antigua and Barbuda,2022,89.38855532,108.032636,-303938756,-17.3
AUS,Australia,2022,105.9251524,107.7347743,-26995561555,-1.68
AUT,Austria,2022,102.6962897,104.8771334,-9033542075,-2.08
AZE,Azerbaijan,2022,105.7079603,106.6417143,-500609095,-0.876
BDI,Burundi,2022,103.9666403,106.433124,-79120764,-2.317
BEL,Belgium,2022,103.5483313,103.9755487,-2115399513,-0.41
BEN,Benin,2022,117.9564211,121.4767763,-499179590,-2.9
BFA,Burkina Faso,2022,111.6942309,119.1016,-1111226029,-6.22
BGD,Bangladesh,2022,118.4803854,123.4224688,-12744077686,-4
BGR,Bulgaria,2022,106.8884786,109.484983,-1491543065,-2.372
BHR,Bahrain,2022,101.9414594,107.0596096,-1790597395,-4.78
BHS,Bahamas,2022,96.1578889,103.2908368,-896951566,-6.91
BIH,Bosnia and Herzegovina,2022,108.2543781,111.6224714,-619879007,-3.017397134
BLR,Belarus,2022,96.80972533,101.9115225,-3010747755,-5.006
BLZ,Belize,2022,109.3615322,105.8086804,81663005,3.36
BOL,Bolivia,2022,99.83626803,109.910064,-3847508071,-9.17
BRA,Brazil,2022,103.4778586,107.0592,-65169147010,-3.345197248
BRB,Barbados,2022,95.17738974,103.9878056,-423796074,-8.5
BRN,Brunei,2022,98.02195426,112.3046499,-1896575816,-12.72
BTN,Bhutan,2022,97.69651811,120.6703872,-567671557,-19
BWA,Botswana,2022,108.2587609,113.0280324,-773180492,-4.22
CAF,Central African Republic,2022,101.8081,115.6743206,-275509232,-11.99
CAN,Canada,2022,102.4346625,105.327912,-49074228580,-2.747
CHE,Switzerland,2022,103.9171205,104.5344705,-4612282708,-0.591
CHL,Chile,2022,107.5122669,108.74225,-3223549137,-1.13
CHN,China,2022,113.8470635,118.4286054,-6.54993E+11,-3.869
CIV,Côte d'Ivoire,2022,116.4695049,122.733387,-3749659352,-5.104
CMR,Cameroon,2022,107.4525947,113.571227,-2294613565,-5
COD,Democratic Republic of the Congo,2022,117.3348892,111.3001736,2684703625,5.42
COG,Republic of the Congo,2022,93.0734121,109.1454976,-1550537531,-14.73
COL,Colombia,2022,110.5920546,111.8383756,-4005600733,-1.11
COM,Comoros,2022,104.2564959,112.5899936,-91072111,-7.40163263
CPV,Cape Verde,2022,104.8124203,115.7625,-209707581,-9.46
CRI,Costa Rica,2022,107.6601456,108.9534,-832629400,-1
CYP,Cyprus,2022,107.7194652,108.4280812,-177239673,-0.654
CZE,Czech Republic,2022,100.2356226,108.0150581,-16775601701,-7.202
DEU,Germany,2022,100.5903366,104.076069,-1.25369E+11,-3.349
DJI,Djibouti,2022,109.2545168,125.8524,-502705166,-13.2
DMA,Dominica,2022,94.12760071,113.2131784,-108191250,-16.9
DNK,Denmark,2022,106.4873964,105.3660437,3729647632,1.064
DOM,Dominican Republic,2022,109.858669,115.7625,-5271376714,-5
DZA,Algeria,2022,101.364588,106.4329196,-8988969866,-4.762
ECU,Ecuador,2022,98.90523628,102.2136192,-3364696233,-3.24
EGY,Egypt,2022,114.0781661,118.87688,-19100677593,-4.04
ESP,Spain,2022,98.69194318,105.311265,-87634425888,-6.29
EST,Estonia,2022,106.0358338,108.7430736,-728129985,-2.49
ETH,Ethiopia,2022,119.2088875,121.1335272,-1725247407,-1.589
FIN,Finland,2022,102.8011668,104.392776,-4054531449,-1.525
FJI,Fiji,2022,91.43704286,107.788779,-852908082,-15.17
FRA,France,2022,101.0683048,104.0453139,-77902746390,-2.86
FSM,Micronesia,2022,94.53206628,102.1339136,-25272990,-7.443
GAB,Gabon,2022,102.6851792,109.803768,-1100551023,-6.48
GBR,United Kingdom,2022,99.53359809,104.560603,-1.59565E+11,-4.808
GEO,Georgia,2022,113.4003368,113.8982075,-88411394,-0.437
GHA,Ghana,2022,109.2866831,117.5218656,-5144165199,-7.01
GIN,Guinea,2022,114.1357279,119.1016,-599644385,-4.17
GMB,Gambia,2022,109.3921445,118.650997,-155319807,-8
GNB,Guinea-Bissau,2022,104.8546105,115.65225,-134833292,-9.34
GNQ,Equatorial Guinea,2022,97.60397788,93.940504,368227728,3.9
GRC,Greece,2022,104.506342,105.3632232,-1747289744,-0.81
GRD,Grenada,2022,95.52379873,109.2723912,-156038322,-12.581945
GTM,Guatemala,2022,110.3189352,109.697472,439898089,1
GUY,Guyana,2022,271.8287566,236.423811,1795399538,15
HKG,Hong Kong,2022,95.89758139,106.722234,-35915328212,-10.143
HND,Honduras,2022,106.5435115,110.8717875,-1054382932,-4
HRV,Croatia,2022,109.8825461,107.5838976,1314962089,2.14
HTI,Haiti,2022,93.3048947,99.480498,-955622361,-6.21
HUN,Hungary,2022,106.9497431,108.425628,-2175084084,-1.361195648
IDN,Indonesia,2022,106.9321617,116.3145904,-98452661724,-8.066
IND,India,2022,108.5168919,119.1012818,-2.8427E+11,-8.89
IRL,Ireland,2022,135.0505502,109.8424121,93586801206,22.9
IRN,Iran,2022,111.3452587,102.01,40543285160,9.15
IRQ,Iraq,2022,97.52402192,110.6361425,-26455721996,-11.852
ISL,Iceland,2022,103.5278528,105.8229503,-478360909,-2.17
ISR,Israel,2022,113.4509259,109.614643,13751549520,3.5
ITA,Italy,2022,100.6562712,102.0111915,-25989507442,-1.3282
JAM,Jamaica,2022,98.09387981,104.359464,-935710380,-6
JOR,Jordan,2022,103.1392874,107.26912,-1730243919,-4
JPN,Japan,2022,98.11904541,101.7094168,-1.64046E+11,-3.53
KAZ,Kazakhstan,2022,105.0483525,111.7308391,-14107195118,-5.98088
KEN,Kenya,2022,112.8253109,118.652584,-4910348450,-4.91
KGZ,Kyrgyzstan,2022,101.5526471,112.70272,-883155361,-9.89
KHM,Cambodia,2022,105.0281929,121.8186432,-3989421391,-13.78
KIR,Kiribati,2022,102.1561275,106.4546418,-7609156,-4.04
KNA,Saint Kitts and Nevis,2022,92.30161421,109.483335,-181478720,-15.69
KOR,South Korea,2022,106.0547415,108.0664306,-32948451010,-1.86
KWT,Kuwait,2022,107.9000001,106.32888,1798343321,1.48
LAO,Lao People's Democratic Republic,2022,105.826292,118.0931136,-2268361719,-10.39
LBN,Lebanon,2022,71.19659391,101.204706,-13994868276,-29.65
LBR,Liberia,2022,106.7445572,109.2511992,-80496649,-2.294
LBY,Libya,2022,98.73606394,99.964,-748429709,-1.228
LCA,Saint Lucia,2022,97.95784868,108.847104,-215764239,-10.004
LKA,Sri Lanka,2022,91.95931344,111.0856177,-18592155379,-17.22
LSO,Lesotho,2022,94.55042976,105.6935116,-266519056,-10.543
LTU,Lithuania,2022,107.9584539,107.7591611,96055316,0.18
LUX,Luxembourg,2022,105.8793855,108.2858085,-1592380632,-2.222
LVA,Latvia,2022,103.7865527,108.96731,-1593332259,-4.754
MAC,Macao,2022,39.97439525,99.3017884,-30300860932,-59.7
MAR,Morocco,2022,101.2745763,111.300588,-12397419463,-9.01
MDA,Moldova,2022,99.30869022,111.6231984,-1127451124,-11.03
MDG,Madagascar,2022,100.6345607,115.42986,-1950961485,-12.8176
MDV,Maldives,2022,107.3743313,117.646848,-557288836,-8.73165
MEX,Mexico,2022,99.24624569,105.3910968,-76968388149,-5.83
MHL,Marshall Islands,2022,100.7414586,106.2816014,-12351931,-5.213
MKD,North Macedonia,2022,99.66095931,109.9103736,-1146447200,-9.33
MLI,Mali,2022,103.6114797,115.542105,-1912329040,-10.326
MLT,Malta,2022,108.0437407,112.0093467,-567196499,-3.54
MMR,Myanmar,2022,87.23308253,121.7045808,-28848159414,-28.3
MNE,Montenegro,2022,101.0328242,109.3783776,-398897119,-7.63
MNG,Mongolia,2022,101.5636251,117.09023,-2200828900,-13.26
MOZ,Mozambique,2022,105.2460507,112.8098376,-1375368050,-6.7
MRT,Mauritania,2022,106.7610646,121.5598622,-1083441685,-12.2
MUS,Mauritius,2022,95.91652529,112.37824,-2283462443,-14.648
MWI,Malawi,2022,104.5055868,116.0928288,-866429452,-10
MYS,Malaysia,2022,105.8592005,114.1166125,-30106660893,-7.24
NAM,Namibia,2022,97.71061493,104.5649907,-770864350,-6.55513
NER,Niger,2022,117.0600623,125.256384,-1000944497,-6.54
NGA,Nigeria,2022,105.146481,106.4332261,-6554317103,-1.21
NIC,Nicaragua,2022,112.7039723,101.09797,1506154592,11.5
NLD,Netherlands,2022,105.3417549,104.7265104,5169594588,0.587
NOR,Norway,2022,106.5198095,105.753656,3114169113,0.72
NPL,Nepal,2022,107.4761773,120.794856,-4076220428,-11.03
NRU,Nauru,2022,105.7466667,103.6955328,1838226,1.978
NZL,New Zealand,2022,104.9086224,108.1245769,-6501074397,-2.974
OMN,Oman,2022,103.8911986,112.8099413,-7407336043,-7.90599001
PAK,Pakistan,2022,111.5432993,109.585408,6351634209,1.79
PAN,Panama,2022,104.5760664,114.2248736,-6175867506,-8.45
PER,Peru,2022,103.6599149,110.657232,-15045643687,-6.32
PHL,Philippines,2022,102.9108113,119.6642484,-66381270524,-14
PLW,Palau,2022,76.56808892,106.120392,-79835591,-27.8
PNG,Papua New Guinea,2022,101.4936569,109.060623,-1870543355,-6.938
POL,Poland,2022,110.0284689,110.3363828,-1759737632,-0.279
PRI,Puerto Rico,2022,100.4455349,97.77370613,2575369051,2.733
PRT,Portugal,2022,103.232654,104.67086,-3198029050,-1.37
PRY,Paraguay,2022,102.93925,111.1914942,-3356765402,-7.42
QAT,Qatar,2022,102.3954466,108.099936,-9555882738,-5.277
ROU,Romania,2022,105.9931072,109.9101674,-8538609200,-3.56
RUS,Russia,2022,99.86812375,105.2905184,-79251015338,-5.15
RWA,Rwanda,2022,115.840037,126.08784,-1146001263,-8.128
SAU,Saudi Arabia,2022,107.5794772,106.6412032,6372073864,0.88
SDN,Sudan,2022,93.62380741,98.2044168,-3861655482,-4.66
SEN,Senegal,2022,111.9841423,122.27532,-2321754955,-8.42
SGP,Singapore,2022,106.91748,104.8548286,7216348337,1.967
SLB,Solomon Islands,2022,92.46903448,108.5317168,-238959914,-14.79999
SLE,Sierra Leone,2022,105.1165809,115.542105,-529273808,-9.02
SLV,El Salvador,2022,104.0960668,107.6890625,-926266220,-3.336
SMR,San Marino,2022,97.68082556,101.8076849,-62262547,-4.05
SOM,Somalia,2022,108.4521502,110.55042,-143683586,-1.898
SRB,Serbia,2022,108.9775839,112.37824,-1551232246,-3.03
SSD,South Sudan,2022,97.7,120.3582718,-2718494303,-18.8
STP,Sao Tome and Principe,2022,105.9039233,112.4838,-23671302,-5.85
SUR,Suriname,2022,83.28414044,106.8502025,-1238697598,-22.055
SVK,Slovakia,2022,101.1981901,108.4240564,-7189538209,-6.66
SVN,Slovenia,2022,109.0988258,108.189929,457930459,0.84
SWE,Sweden,2022,105.5105682,105.5869242,-419821339,-0.072
SWZ,Eswatini,2022,106.6255153,107.794125,-51475345,-1.084
SYC,Seychelles,2022,108.3260903,110.3370026,-33357961,-1.8225
SYR,Syrian Arab Republic,2022,92.76189717,,,
TCD,Chad,2022,99.35802513,115.871072,-1738172770,-14.3
TGO,Togo,2022,112.3538048,117.4241375,-258499520,-4
THA,Thailand,2022,97.71964398,108.6372924,-50262688794,-10.05
TJK,Tajikistan,2022,123.1254573,116.31375,745448896,5.86
TKM,Turkmenistan,2022,84.66296205,117.09023,-14822512540,-27.7
TLS,Timor-Leste,2022,143.4781896,115.21167,554054508,24.53
TON,Tonga,2022,95.85194241,109.2611182,-65136915,-12.27
TTO,Trinidad and Tobago,2022,93.64093753,105.8706824,-2895450755,-11.55
TUN,Tunisia,2022,97.71219267,107.5834872,-4865256686,-9.1755
TUR,Turkey,2022,119.8705623,111.4048,84351958179,7.6
TUV,Tuvalu,2022,105.1727273,113.3178808,-3733814,-7.19
TZA,Tanzania,2022,111.2534524,119.2135356,-4801406739,-6.67716392
UGA,Uganda,2022,111.6020982,119.55051,-3147574829,-6.649
UKR,Ukraine,2022,70.5593968,112.5937268,-42851523386,-37.333
URY,Uruguay,2022,102.877118,109.4823,-3666757444,-6.033
USA,United States,2022,105.1763985,105.2906202,-22763223688,-0.11
UZB,Uzbekistan,2022,115.6847568,118.76452,-3269520779,-2.59
VCT,Saint Vincent and the Grenadines,2022,100.7660167,107.0599167,-54238193,-5.88
VNM,Vietnam,2022,113.940391,120.68154,-21231090773,-5.586
VUT,Vanuatu,2022,96.83430567,108.9544304,-104742012,-11.12
WSM,Samoa,2022,84.62555714,109.0569524,-228899023,-22.4
YEM,Yemen,2022,101.5,125.282273,-8749294497,-19
ZAF,South Africa,2022,100.2241941,103.7448755,-12657468845,-3
ZMB,Zambia,2022,105.6513403,109.478304,-921910269,-3.496
ZWE,Zimbabwe,2022,103.3887559,108.21499,-995221526,-4.46
ABW,Aruba,2023,102.3777719,104.3697974,-67348170,-1.909
AGO,Angola,2023,101.3469912,110.2657024,-7414903643,-8.0884
ALB,Albania,2023,112.8382016,114.7521929,-248200523,-1.67
ARE,United Arab Emirates,2023,109.5514462,112.1137902,-10334862187,-2.29
ARG,Argentina,2023,102.4991687,104.7385061,-12796709651,-2
ARM,Armenia,2023,115.3086409,122.3629491,-907712809,-5.77
ATG,Antigua and Barbuda,2023,94.33442409,110.1932887,-258533723,-14.4
AUS,Australia,2023,107.6157178,110.6123701,-44703433093,-2.71
AUT,Austria,2023,103.1481534,106.5132167,-13938844326,-3.16
AZE,Azerbaijan,2023,108.0335354,108.8811903,-454449179,-0.779
BDI,Burundi,2023,107.0856395,108.7746527,-54180783,-1.553
BEL,Belgium,2023,104.2690277,105.3885764,-5543530867,-1.06
BEN,Benin,2023,125.0338063,129.6157203,-649706575,-3.53
BFA,Burkina Faso,2023,116.4970831,126.247696,-1462750778,-7.72
BGD,Bangladesh,2023,124.6413652,132.432309,-20090392137,-5.88
BGR,Bulgaria,2023,108.4918058,112.8790175,-2520201858,-3.887
BHR,Bahrain,2023,104.6938788,109.6290402,-1726578324,-4.5
BHS,Bahamas,2023,100.2926783,104.9424573,-584698864,-4.43
BIH,Bosnia and Herzegovina,2023,110.9607376,115.9757478,-922984994,-4.324188703
BLR,Belarus,2023,97.3905837,102.4210801,-2968670700,-4.912
BLZ,Belize,2023,111.986209,107.7132366,98215121,3.97
BOL,Bolivia,2023,102.3321747,113.6470062,-4321499605,-9.96
BRA,Brazil,2023,104.7195929,109.6286208,-89328864428,-4.477870718
BRB,Barbados,2023,99.84108193,105.9011812,-291501142,-5.7
BRN,Brunei,2023,101.2204106,115.0314068,-1833939615,-12.01
BTN,Bhutan,2023,102.0928614,128.1519512,-643905649,-20.3
BWA,Botswana,2023,112.5891113,117.7752098,-840755266,-4.4
CAF,Central African Republic,2023,104.862343,121.442999,-329442602,-13.65
CAN,Canada,2023,103.9230382,107.1184865,-54200014007,-2.983
CHE,Switzerland,2023,104.7754759,106.2070221,-10695221524,-1.348
CHL,Chile,2023,107.0822178,112.0045175,-12900400577,-4.39
CHN,China,2023,120.2224989,125.1790359,-7.08604E+11,-3.96
CIV,Côte d'Ivoire,2023,123.690614,131.4474575,-4643369776,-5.901
CMR,Cameroon,2023,111.643246,118.6819322,-2639652798,-6
COD,Democratic Republic of the Congo,2023,126.3696754,115.3069798,4921534154,9.59
COG,Republic of the Congo,2023,96.33098152,111.7649895,-1488979678,-13.81
COL,Colombia,2023,112.4721195,116.2000722,-11981415683,-3.21
COM,Comoros,2023,107.1756778,116.6432334,-103465593,-8.116677938
CPV,Cape Verde,2023,109.8434167,121.550625,-224207531,-9.63
CRI,Costa Rica,2023,110.7822899,112.4399088,-1067216320,-1
CYP,Cyprus,2023,110.4339957,111.0932435,-164891634,-0.593
CZE,Czech Republic,2023,99.73344218,110.7597207,-23777105440,-9.955
DEU,Germany,2023,100.4806932,105.3614085,-1.75542E+11,-4.632
DJI,Djibouti,2023,114.0617157,136.4240016,-677293395,-16.4
DMA,Dominica,2023,98.55159776,115.5759374,-96506620,-14.7
DNK,Denmark,2023,106.4873964,106.9718222,-1611212518,-0.453
DOM,Dominican Republic,2023,114.3628743,121.550625,-6417755106,-6
DZA,Algeria,2023,103.087786,108.7744438,-10085606065,-5.228
ECU,Ecuador,2023,101.4767723,103.4401826,-1996830299,-1.9
EGY,Egypt,2023,118.6412927,126.0094928,-29328194239,-5.85
ESP,Spain,2023,100.1821915,107.0467947,-90881750447,-6.41
EST,Estonia,2023,104.7634038,111.7878797,-1889279064,-6.28
ETH,Ethiopia,2023,126.3614208,129.7340076,-3023187556,-2.6
FIN,Finland,2023,102.8484553,105.7947709,-7505566997,-2.785
FJI,Fiji,2023,96.008895,111.0224424,-783108031,-13.52
FRA,France,2023,101.7767936,105.4936247,-97262499631,-3.52
FSM,Micronesia,2023,97.27349629,102.7467171,-18196189,-5.327
GAB,Gabon,2023,105.8684197,113.4272923,-1168619976,-6.66
GBR,United Kingdom,2023,99.28376876,106.1635171,-2.18374E+11,-6.48
GEO,Georgia,2023,118.3899518,119.0236268,-112527408,-0.532
GHA,Ghana,2023,111.03527,122.9278714,-7428797860,-9.67
GIN,Guinea,2023,120.5273286,126.247696,-690752028,-4.53
GMB,Gambia,2023,114.8617517,125.1768018,-173037813,-8
GNB,Guinea-Bissau,2023,109.5730679,121.4348625,-148121708,-9.77
GNQ,Equatorial Guinea,2023,93.9926307,89.43135981,458468238,5.1
GRC,Greece,2023,107.2235069,106.3083314,1866159414,0.86
GRD,Grenada,2023,98.96265538,112.7691077,-156694997,-12.243116
GTM,Guatemala,2023,113.8491411,113.2077911,453974828,1
GUY,Guyana,2023,340.329606,270.9416874,3518690250,25.6
HKG,Hong Kong,2023,99.22043259,109.6538937,-34617386461,-9.515
HND,Honduras,2023,110.2725345,114.7523001,-1091286335,-4
HRV,Croatia,2023,111.9703144,110.1659111,1032224790,1.64
HTI,Haiti,2023,91.06557713,100.873225,-1517650524,-9.72
HUN,Hungary,2023,107.5914416,111.2446943,-5383977987,-3.283979339
IDN,Indonesia,2023,112.1718377,122.3629491,-1.06938E+11,-8.329
IND,India,2023,115.3534563,126.36646,-2.95782E+11,-8.72
IRL,Ireland,2023,142.5809688,112.833421,1.1044E+11,26.4
IRN,Iran,2023,113.7948544,103.0301,46751624236,10.45
IRQ,Iraq,2023,96.45125768,113.4020461,-34200825288,-14.948
ISL,Iceland,2023,105.866547,107.9891461,-442407536,-1.97
ISR,Israel,2023,116.708102,112.9578896,13443020889,3.32
ITA,Italy,2023,101.3125501,102.6701838,-26041554904,-1.3223
JAM,Jamaica,2023,100.0557574,106.4466533,-954424588,-6
JOR,Jordan,2023,105.6146304,109.950848,-1816711441,-4
JPN,Japan,2023,99.39655539,102.1162545,-1.24265E+11,-2.66
KAZ,Kazakhstan,2023,108.7250448,115.8648801,-15072690130,-6.16221
KEN,Kenya,2023,118.4665764,125.5344339,-5955726145,-5.63
KGZ,Kyrgyzstan,2023,105.1069898,117.4362342,-976553110,-10.5
KHM,Cambodia,2023,110.8047435,130.1023109,-4585113972,-14.83
KIR,Kiribati,2023,104.7100307,108.5177327,-6740328,-3.51
KNA,Saint Kitts and Nevis,2023,96.46257098,112.3944969,-168277994,-14.18
KOR,South Korea,2023,107.6508654,111.1722598,-57675161355,-3.17
KWT,Kuwait,2023,109.3027001,108.4554576,969774936,0.78
LAO,Lao People's Democratic Republic,2023,109.9535175,124.706328,-2728066944,-11.83
LBN,Lebanon,2023,70.84061094,101.7107295,-14396881817,-30.35
LBR,Liberia,2023,111.3345733,113.8397496,-80449578,-2.201
LBY,Libya,2023,102.4158965,99.964,1494436270,2.453
LCA,Saint Lucia,2023,101.4843311,111.4594345,-197650851,-8.95
LKA,Sri Lanka,2023,88.00506278,115.1957856,-26431355260,-23.6
LSO,Lesotho,2023,97.00874084,108.6529299,-278504486,-10.717
LTU,Lithuania,2023,107.6626478,110.234389,-1239529817,-2.33
LUX,Luxembourg,2023,107.0461764,111.1023223,-2684037054,-3.651
LVA,Latvia,2023,104.1965096,112.2592124,-2479669257,-7.182
MAC,Macao,2023,63.51931405,99.64537258,-18451015922,-36.3
MAR,Morocco,2023,103.8064407,115.5300103,-14496493189,-10.15
MDA,Moldova,2023,101.0962466,115.8648799,-1352137817,-12.75
MDG,Madagascar,2023,104.861212,121.201353,-2154669872,-13.4818
MDV,Maldives,2023,114.461037,124.2350715,-530245940,-7.86737
MEX,Mexico,2023,101.7274018,107.815092,-76252409279,-5.65
MHL,Marshall Islands,2023,102.6555464,108.0309966,-11984744,-4.976
MKD,North Macedonia,2023,102.0528224,113.3175952,-1260020018,-9.94
MLI,Mali,2023,107.7559389,121.2036681,-2155501705,-11.095
MLT,Malta,2023,111.7734106,115.6944542,-560822782,-3.39
MMR,Myanmar,2023,89.85007501,129.9804923,-33583938424,-30.9
MNE,Montenegro,2023,104.4679404,112.8784857,-402003576,-7.451
MNG,Mongolia,2023,106.8449334,123.5301927,-2365063128,-13.51
MOZ,Mozambique,2023,110.5083532,117.7734705,-1321059178,-6.17
MRT,Mauritania,2023,111.5653126,132.1355702,-1505978748,-15.6
MUS,Mauritius,2023,100.4246018,116.8733696,-2281666533,-14.074
MWI,Malawi,2023,105.9686651,122.2457487,-1217109709,-13.3
MYS,Malaysia,2023,110.4111464,119.2518601,-32233388661,-7.41
NAM,Namibia,2023,100.0556698,106.5517255,-730566568,-6.09662
NER,Niger,2023,125.1372067,140.1618937,-1834832535,-10.72
NGA,Nigeria,2023,108.0905825,108.6683238,-2942851876,-0.53
NIC,Nicaragua,2023,116.0850914,102.1089497,1813736511,13.7
NLD,Netherlands,2023,106.4309887,106.2638956,1404000302,0.157
NOR,Norway,2023,108.8046594,107.5081091,5270062419,1.21
NPL,Nepal,2023,111.8827005,128.7673165,-5167585941,-13.11
NRU,Nauru,2023,106.8041333,105.6356763,1047171,1.1061
NZL,New Zealand,2023,106.035341,110.7887664,-9609082692,-4.291
OMN,Oman,2023,105.4495666,117.6607688,-10141841875,-10.37831243
PAK,Pakistan,2023,111.9894725,113.8592389,-6065746438,-1.64
PAN,Panama,2023,110.5369019,119.7076675,-5869889601,-7.66
PER,Peru,2023,105.9404331,114.6408924,-18707743144,-7.59
PHL,Philippines,2023,109.08546,127.0834318,-71312425584,-14.162
PLW,Palau,2023,85.98596386,108.2427998,-60126876,-20.6
PNG,Papua New Guinea,2023,105.2489222,112.3324417,-1751036032,-6.306
POL,Poland,2023,110.7986682,113.7568107,-16905876667,-2.6
PRI,Puerto Rico,2023,100.847317,97.03747012,3672301885,3.926
PRT,Portugal,2023,104.2691099,106.2409229,-4384570401,-1.86
PRY,Paraguay,2023,107.8803342,115.416771,-3065596410,-6.53
QAT,Qatar,2023,105.7744963,111.559134,-9690143122,-5.185
ROU,Romania,2023,108.7489279,113.3173826,-9958552449,-4.03
RUS,Russia,2023,100.5781861,107.1857477,-96572824604,-6.16
RWA,Rwanda,2023,123.022119,136.1748672,-1470858287,-9.659
SAU,Saudi Arabia,2023,109.9462257,109.2005921,5063800609,0.683
SDN,Sudan,2023,93.99830265,98.40082563,-3711520797,-4.47
SEN,Senegal,2023,117.2473968,130.8345924,-3065357506,-10.39
SGP,Singapore,2023,108.5158963,107.3199656,4184057776,1.114
SLB,Solomon Islands,2023,94.78076034,111.4620732,-248163103,-14.96591
SLE,Sierra Leone,2023,108.6905447,121.3192103,-641120946,-10.41
SLV,El Salvador,2023,106.4902763,110.3812891,-1003094339,-3.525
SMR,San Marino,2023,98.87155482,102.3157053,-51962415,-3.37
SOM,Somalia,2023,111.4888104,114.4196847,-200697987,-2.562
SRB,Serbia,2023,111.1571356,116.8733696,-2607498754,-4.89
SSD,South Sudan,2023,97.30919999,126.7131885,-3527831959,-23.2
STP,Sao Tome and Principe,2023,108.1279056,117.545571,-33880331,-8.01
SUR,Suriname,2023,85.28295989,109.0940568,-1251577307,-21.826
SVK,Slovakia,2023,102.5097186,111.4046337,-8850195822,-7.98
SVN,Slovenia,2023,110.8705907,110.6079739,132314525,0.237
SWE,Sweden,2023,105.0030624,107.6775453,-14704876139,-2.484
SWZ,Eswatini,2023,109.8242807,110.4889781,-29278832,-0.602
SYC,Seychelles,2023,112.4424818,114.0884607,-27304275,-1.4427
SYR,Syrian Arab Republic,2023,87.65999283,,,
TCD,Chad,2023,102.5374819,121.4328835,-1988940785,-15.6
TGO,Togo,2023,117.8591414,123.8824651,-307085626,-5
THA,Thailand,2023,101.5307102,111.7877739,-47221487651,-9.18
TJK,Tajikistan,2023,131.1286121,122.1294375,984837488,7.37
TKM,Turkmenistan,2023,86.63476243,123.5301927,-16864910663,-29.9
TLS,Timor-Leste,2023,146.6347098,120.9722535,503012036,21.21
TON,Tonga,2023,98.24824097,111.5643425,-64684794,-11.94
TTO,Trinidad and Tobago,2023,96.61403729,107.5815526,-2596611858,-10.19
TUN,Tunisia,2023,99.95957311,110.3806579,-5136231340,-9.441
TUR,Turkey,2023,123.7064203,115.860992,78171015874,6.77
TUV,Tuvalu,2023,109.5899816,117.7304791,-3731680,-6.91
TZA,Tanzania,2023,116.9273784,126.6047748,-5837265185,-7.64378472
UGA,Uganda,2023,117.9634176,126.7235406,-3469012858,-6.913
UKR,Ukraine,2023,71.97058473,117.3226633,-46233772639,-38.656
URY,Uruguay,2023,104.7289061,112.9857336,-4583641085,-7.308
USA,United States,2023,106.3333388,107.0805607,-1.48914E+11,-0.7
UZB,Uzbekistan,2023,121.5846793,125.8903912,-4571005530,-3.42
VCT,Saint Vincent and the Grenadines,2023,106.4089136,109.5222948,-26829815,-2.84
VNM,Vietnam,2023,120.7768145,128.4051586,-24025290957,-5.941
VUT,Vanuatu,2023,97.3184772,112.1141089,-127863719,-13.2
WSM,Samoa,2023,88.85683499,111.4932848,-212082085,-20.3
YEM,Yemen,2023,100.9925,133.4819978,-11952607892,-24.3
ZAF,South Africa,2023,100.5248667,105.3010486,-17171214064,-5
ZMB,Zambia,2023,110.0886963,113.8574362,-907884207,-3.31
ZWE,Zimbabwe,2023,106.3870299,111.2450097,-1001767831,-4.367
ABW,Aruba,2024,103.6063052,105.5178652,-64627721,-1.812
AGO,Angola,2024,104.691442,113.5736735,-7384574932,-7.8207
ALB,Albania,2024,116.5618622,118.7685197,-286152564,-1.86
ARE,United Arab Emirates,2024,113.2761955,115.4772039,-8877464851,-1.91
ARG,Argentina,2024,104.8566496,107.1474917,-13091033973,-2
ARM,Armenia,2024,120.8434558,128.7258225,-1014263183,-6.12
ATG,Antigua and Barbuda,2024,99.40489939,112.3971545,-211801800,-11.6
AUS,Australia,2024,109.4430327,113.5325366,-61006366343,-3.6
AUT,Austria,2024,104.2611219,108.1748229,-16211423894,-3.62
AZE,Azerbaijan,2024,110.7343738,111.1676953,-232314589,-0.39
BDI,Burundi,2024,111.2619795,111.1676951,3024491,0.085
BEL,Belgium,2024,105.4337128,106.8239688,-6883959069,-1.3
BEN,Benin,2024,132.410801,138.2999736,-835073321,-4.26
BFA,Burkina Faso,2024,122.0889433,133.8225578,-1760233312,-8.77
BGD,Bangladesh,2024,132.3691296,142.0998676,-25092510811,-6.85
BGR,Bulgaria,2024,111.5295764,116.378267,-2785295105,-4.166
BHR,Bahrain,2024,108.0440829,112.2601372,-1474996922,-3.76
BHS,Bahamas,2024,102.2985319,106.6068447,-541760287,-4.04
BIH,Bosnia and Herzegovina,2024,114.2895597,120.4988019,-1142776821,-5.15294934
BLR,Belarus,2024,98.75405187,102.9331855,-2466251951,-4.06
BLZ,Belize,2024,114.2259332,109.6520749,105131044,4.17
BOL,Bolivia,2024,104.3788182,117.5110044,-5015606072,-11.18
BRA,Brazil,2024,106.1856672,112.2597077,-1.10528E+11,-5.410704012
BRB,Barbados,2024,103.7348842,107.849763,-197932706,-3.8
BRN,Brunei,2024,104.7469297,117.4654714,-1688874362,-10.83
BTN,Bhutan,2024,105.25774,136.0973722,-762030198,-22.7
BWA,Botswana,2024,117.0926758,122.7217686,-912572229,-4.59
CAF,Central African Republic,2024,108.847112,127.5030046,-370675672,-14.63
CAN,Canada,2024,105.4798053,108.9395007,-58682076734,-3.176
CHE,Switzerland,2024,106.6614345,107.9063344,-9300769408,-1.154
CHL,Chile,2024,109.0096977,115.364653,-16655115308,-5.51
CHN,China,2024,125.7527338,132.314241,-9.38056E+11,-4.959
CIV,Côte d'Ivoire,2024,131.7305039,140.780227,-5417308035,-6.428
CMR,Cameroon,2024,116.3322621,124.0226192,-2884042831,-6
COD,Democratic Republic of the Congo,2024,135.9737706,119.4580311,7347465679,13.83
COG,Republic of the Congo,2024,100.4732139,114.4473493,-1348140001,-12.21
COL,Colombia,2024,114.7215619,120.7318751,-19316784695,-4.98
COM,Comoros,2024,110.2837725,120.8423898,-115389192,-8.737511106
CPV,Cape Verde,2024,115.7749613,127.6281563,-227003356,-9.29
CRI,Costa Rica,2024,114.1057586,116.0379859,-1244016037,-2
CYP,Cyprus,2024,113.4808696,113.8805729,-99974145,-0.351
CZE,Czech Republic,2024,101.7570337,113.5674797,-25468086702,-10.399
DEU,Germany,2024,101.5839712,106.5909761,-1.80084E+11,-4.697
DJI,Djibouti,2024,120.2210485,147.8836177,-837824700,-18.7
DMA,Dominica,2024,103.0849712,117.2910843,-80530816,-12.1
DNK,Denmark,2024,107.5522704,108.5881664,-3445416659,-0.954
DOM,Dominican Republic,2024,119.8522925,127.6281563,-6942865912,-6
DZA,Algeria,2024,105.561893,111.1674816,-9941825294,-5.042
ECU,Ecuador,2024,104.318122,104.6814648,-369527473,-0.35
EGY,Egypt,2024,123.3869444,133.5700624,-40532620923,-7.62
ESP,Spain,2024,102.1547789,108.7509796,-87328321713,-6.07
EST,Estonia,2024,108.1158327,114.9179403,-1829471647,-5.92
ETH,Ethiopia,2024,134.7012744,138.9451222,-3804186004,-3.054
FIN,Finland,2024,104.170058,107.2208845,-7771802313,-2.845
FJI,Fiji,2024,99.9452596,114.3531156,-751515115,-12.6
FRA,France,2024,103.0530746,107.0042934,-1.03396E+11,-3.69
FSM,Micronesia,2024,99.99715419,103.3631974,-11190698,-3.257
GAB,Gabon,2024,109.0444723,117.170393,-1256286976,-6.94
GBR,United Kingdom,2024,100.2299431,107.7878189,-2.39899E+11,-7.012
GEO,Georgia,2024,124.3094493,124.37969,-12473276,-0.056
GHA,Ghana,2024,114.2552929,128.5825535,-8949624970,-11.14
GIN,Guinea,2024,127.5179139,133.8225578,-761305215,-4.71
GMB,Gambia,2024,121.1791481,132.0615259,-182554893,-8
GNB,Guinea-Bissau,2024,114.503856,127.5066056,-162369148,-10.2
GNQ,Equatorial Guinea,2024,88.35307286,85.13865454,323091686,3.78
GRC,Greece,2024,108.834004,107.299125,3129813517,1.43
GRD,Grenada,2024,102.228423,116.3777192,-160586070,-12.15808
GTM,Guatemala,2024,117.833861,116.8304404,710263834,1
GUY,Guyana,2024,412.4794859,310.4991738,5171464099,32.8
HKG,Hong Kong,2024,102.3290087,112.7834159,-34686883522,-9.269
HND,Honduras,2024,114.3526182,118.7686306,-1075755818,-4
HRV,Croatia,2024,115.4413941,112.809893,1505373349,2.33
HTI,Haiti,2024,92.61369194,102.2854501,-1496622749,-9.46
HUN,Hungary,2024,110.3888189,114.1370564,-5523961573,-3.283979433
IDN,Indonesia,2024,117.6682578,128.7258225,-1.1603E+11,-8.59
IND,India,2024,122.7360776,134.074814,-3.0453E+11,-8.46
IRL,Ireland,2024,148.3241303,115.86187,1.20518E+11,28
IRN,Iran,2024,116.0707515,104.060401,52161282279,11.54
IRQ,Iraq,2024,102.2383331,116.2370972,-28244661752,-12.043
ISL,Iceland,2024,108.1395018,110.0808958,-404639470,-1.76
ISR,Israel,2024,120.3283873,116.3364601,14309472539,3.431
ITA,Italy,2024,102.102788,103.3334332,-23605715258,-1.1909
JAM,Jamaica,2024,101.7567053,108.5755863,-1018340445,-6
JOR,Jordan,2024,108.1493816,112.6996192,-1906377725,-4
JPN,Japan,2024,100.4094063,102.5247195,-96649792733,-2.06
KAZ,Kazakhstan,2024,113.0740466,120.1518807,-14941801215,-5.89074
KEN,Kenya,2024,124.6268382,132.815431,-6900113231,-6.17
KGZ,Kyrgyzstan,2024,109.3112694,122.3685561,-1034218600,-10.67
KHM,Cambodia,2024,117.5638327,138.9492681,-5081192678,-15.39
KIR,Kiribati,2024,107.2230716,110.4797333,-5764886,-2.95
KNA,Saint Kitts and Nevis,2024,100.1725215,115.3965539,-160801002,-13.19
KOR,South Korea,2024,110.27647,114.4140429,-67767241225,-3.62
KWT,Kuwait,2024,112.1445702,110.6245668,1739833918,1.37
LAO,Lao People's Democratic Republic,2024,114.571565,131.6898823,-3165492819,-13
LBR,Liberia,2024,117.4579749,118.621019,-37349234,-0.98
LBY,Libya,2024,111.0229284,99.964,6740441039,11.063
LCA,Saint Lucia,2024,104.9347985,114.1344609,-182285942,-8.06
LKA,Sri Lanka,2024,89.06112353,119.4580296,-29547998052,-25.45
LSO,Lesotho,2024,100.0160117,111.695212,-279341879,-10.456
LTU,Lithuania,2024,110.6039913,112.7532448,-1035898849,-1.91
LUX,Luxembourg,2024,108.8723841,113.9676512,-3371645346,-4.471
LVA,Latvia,2024,107.2525932,115.6326017,-2577256037,-7.247
MAC,Macao,2024,76.61890219,99.89647892,-11888784892,-23.3
MAR,Morocco,2024,107.2320532,119.9201507,-15689156499,-10.58
MDA,Moldova,2024,105.3422888,120.2677454,-1366495726,-12.41
MDG,Madagascar,2024,109.8945504,127.2614207,-2290058092,-13.6466
MDV,Maldives,2024,120.5274722,131.1922355,-578568394,-8.12911
MEX,Mexico,2024,103.6602225,110.2948391,-83103030878,-6.02
MHL,Marshall Islands,2024,104.8113127,109.3770628,-10179490,-4.174
MKD,North Macedonia,2024,104.8082486,116.8304406,-1344741071,-10.29
MLI,Mali,2024,112.0661764,127.1426479,-2416568573,-11.858
MLT,Malta,2024,115.7167766,119.3781657,-523684669,-3.07
MMR,Myanmar,2024,90.93027002,138.8191658,-40076775550,-34.5
MNE,Montenegro,2024,107.7064464,116.4905972,-419861009,-7.541
MNG,Mongolia,2024,113.5761645,130.3243532,-2373983122,-12.85
MOZ,Mozambique,2024,119.6805467,122.9555032,-595504668,-2.66
MRT,Mauritania,2024,117.8129699,143.6313648,-1890202575,-18
MUS,Mauritius,2024,104.5420104,121.5483044,-2359002958,-13.991
MWI,Malawi,2024,108.5119131,128.7247734,-1511405175,-15.7
MYS,Malaysia,2024,115.0484143,124.6181938,-34891574565,-7.68
NAM,Namibia,2024,101.7566162,108.5762083,-766952475,-6.28093
NER,Niger,2024,140.7793575,156.841159,-1961486185,-10.24
NGA,Nigeria,2024,111.3332999,110.9503586,1950595042,0.35
NIC,Nicaragua,2024,120.0319847,103.1300392,2193429072,16.4
NLD,Netherlands,2024,107.7379612,107.8812321,-1203834118,-0.133
NOR,Norway,2024,111.5682978,109.322846,9127043589,2.05
NPL,Nepal,2024,117.3649529,137.2659594,-6090761029,-14.5
NRU,Nauru,2024,108.940216,107.7452207,1070955,1.1091
NZL,New Zealand,2024,106.9366414,113.5474067,-13363708234,-5.822
OMN,Oman,2024,108.4021545,122.7201818,-11891635846,-11.66721493
PAK,Pakistan,2024,114.229262,118.2997492,-13205148868,-3.44
PAN,Panama,2024,116.9480425,125.4536356,-5444135715,-6.78
PER,Peru,2024,108.6948842,118.7679645,-21659155213,-8.48
PHL,Philippines,2024,115.5215022,134.9626046,-77030466434,-14.405
PLW,Palau,2024,93.81068691,110.4076558,-44836736,-15
PNG,Papua New Guinea,2024,109.8798749,115.7024149,-1439323692,-5.032
POL,Poland,2024,113.6794334,117.2832718,-20596048688,-3.073
PRI,Puerto Rico,2024,99.23375997,96.30677797,2821310603,3.039
PRT,Portugal,2024,106.0062332,107.8345367,-4065459200,-1.7
PRY,Paraguay,2024,112.5191888,119.8026083,-2962676566,-6.08
QAT,Qatar,2024,108.8419568,115.1290262,-10531792373,-5.461
ROU,Romania,2024,112.9901362,116.8302214,-8370815287,-3.29
RUS,Russia,2024,101.8665927,109.1150912,-1.0594E+11,-6.64
RWA,Rwanda,2024,132.248778,147.0688566,-1657314135,-10.077
SAU,Saudi Arabia,2024,113.5744511,111.8214063,11905404546,1.568
SDN,Sudan,2024,95.40827719,98.59762728,-2688762615,-3.23
SEN,Senegal,2024,128.8548886,139.9930139,-2512831703,-7.96
SGP,Singapore,2024,110.8110075,110.0040379,2823246642,0.734
SLB,Solomon Islands,2024,97.05549868,114.4715491,-259093583,-15.2143
SLE,Sierra Leone,2024,112.7120949,127.3851708,-744909767,-11.52
SLV,El Salvador,2024,108.726572,113.1408213,-1137983540,-3.902
SMR,San Marino,2024,99.81478945,102.8262606,-45434518,-2.93
SOM,Somalia,2024,115.6138963,118.4243737,-192453540,-2.373
SRB,Serbia,2024,114.4918496,121.5483044,-3218849485,-5.81
SSD,South Sudan,2024,99.54731159,132.6699755,-3973991224,-25
STP,Sao Tome and Principe,2024,111.8042545,122.8351217,-39683872,-8.98
SUR,Suriname,2024,88.01201461,111.3850319,-1228550631,-20.984
SVK,Slovakia,2024,105.2774811,114.1897496,-8867462017,-7.8
SVN,Slovenia,2024,113.18446,112.9572873,114456668,0.201
SWE,Sweden,2024,106.0656934,109.8170981,-20626021568,-3.416
SWZ,Eswatini,2024,113.009185,113.2512026,-10660479,-0.214
SYC,Seychelles,2024,115.8157562,117.9674684,-35693616,-1.824
TCD,Chad,2024,106.0237564,127.2616619,-2235514089,-16.7
TGO,Togo,2024,124.1056761,130.6960006,-335992891,-5
THA,Thailand,2024,105.1858157,115.0296193,-45318920440,-8.56
TJK,Tajikistan,2024,137.6850427,128.2359094,1034079362,7.37
TKM,Turkmenistan,2024,88.46362227,130.3243532,-19134550920,-32.1
TLS,Timor-Leste,2024,151.1803858,127.0208662,473552844,19.02
TON,Tonga,2024,100.9991917,113.7800104,-62084584,-11.23
TTO,Trinidad and Tobago,2024,98.88253489,109.369558,-2482853027,-9.59
TUN,Tunisia,2024,102.9583603,113.250555,-5072705390,-9.088
TUR,Turkey,2024,129.0257966,120.4954317,84995651959,7.08
TUV,Tuvalu,2024,112.987271,120.9633581,-3656313,-6.59
TZA,Tanzania,2024,123.4753115,134.4542708,-6622349090,-8.16557133
UGA,Uganda,2024,125.2771492,134.326953,-3583726584,-6.737
UKR,Ukraine,2024,74.92137871,122.2502152,-48248960862,-38.715
URY,Uruguay,2024,107.6613155,116.6012771,-4962871673,-7.667
USA,United States,2024,107.1840056,108.9009303,-3.42166E+11,-1.58
UZB,Uzbekistan,2024,128.1502521,133.4438147,-5619721975,-3.97
VCT,Saint Vincent and the Grenadines,2024,111.5165416,112.0413076,-4522213,-0.47
VNM,Vietnam,2024,128.2649768,136.6230887,-26323677837,-6.118
VUT,Vanuatu,2024,101.2112163,115.365418,-122320487,-12.27
WSM,Samoa,2024,91.87796747,113.9840447,-207112997,-19.39
YEM,Yemen,2024,103.01235,138.2419658,-12960673844,-25.5
ZAF,South Africa,2024,102.0327397,106.8805644,-17428782275,-5
ZMB,Zambia,2024,115.2628649,118.4117336,-758558126,-2.659
ZWE,Zimbabwe,2024,110.0041891,114.35987,-898188390,-3.809
ABW,Aruba,2025,104.8495808,106.6785617,-61835812,-1.714
AGO,Angola,2025,107.9368766,116.9808837,-7519073127,-7.7312
ALB,Albania,2025,120.4084037,122.9254179,-326398672,-2.05
ARE,United Arab Emirates,2025,117.1275862,118.94152,-7316252524,-1.53
ARG,Argentina,2025,106.9537826,109.611884,-15189740046,-2
ARM,Armenia,2025,126.8856286,135.4195652,-1098103922,-6.3
ATG,Antigua and Barbuda,2025,103.4526669,114.6450975,-182460778,-9.8
AUS,Australia,2025,111.7314865,116.5297956,-71580173663,-4.12
AUT,Austria,2025,106.1023734,109.8623501,-15574664002,-3.42
AZE,Azerbaijan,2025,113.6134674,113.5022169,59644212,0.098
BDI,Burundi,2025,115.8237206,113.6133844,70903971,1.945
BEL,Belgium,2025,106.6746676,108.2789113,-7943535275,-1.48
BEN,Benin,2025,140.4878598,147.5660718,-1003676832,-4.8
BFA,Burkina Faso,2025,128.3154793,141.8519112,-2030685303,-9.54
BGD,Bangladesh,2025,140.8407541,152.4731579,-29996308706,-7.63
BGR,Bulgaria,2025,114.8754637,119.9859933,-2935706608,-4.259
BHR,Bahrain,2025,111.3934494,114.9543805,-1245800475,-3.1
BHS,Bahamas,2025,104.242204,108.2976292,-509960267,-3.74
BIH,Bosnia and Herzegovina,2025,118.2896943,125.1982552,-1271482572,-5.518096792
BLR,Belarus,2025,100.0378545,103.4478514,-2012357636,-3.296
BLZ,Belize,2025,116.5104519,111.6258123,112274415,4.38
BOL,Bolivia,2025,106.4663946,121.5063785,-5744255669,-12.38
BRA,Brazil,2025,108.7341233,114.9539407,-1.13181E+11,-5.41070392
BRB,Barbados,2025,106.9506655,109.8341986,-138702873,-2.6
BRN,Brunei,2025,108.0234137,119.9510408,-1583850107,-9.94
BTN,Bhutan,2025,109.7838231,144.5354093,-858692412,-24
BWA,Botswana,2025,121.7763828,127.8760829,-988865714,-4.77
CAF,Central African Republic,2025,112.9833023,133.8654046,-414908440,-15.6
CAN,Canada,2025,107.8499365,110.7914722,-49893243013,-2.655
CHE,Switzerland,2025,107.9413717,109.6328358,-12637093764,-1.543
CHL,Chile,2025,111.4079111,118.8255926,-19440316343,-6.24
CHN,China,2025,131.2858542,139.8561527,-1.22524E+12,-6.128
CIV,Côte d'Ivoire,2025,140.2929867,150.7756231,-6275072745,-6.952
CMR,Cameroon,2025,121.5672139,129.603637,-3013824758,-6
COD,Democratic Republic of the Congo,2025,146.1718034,123.7585202,9971144729,18.11
COG,Republic of the Congo,2025,103.2864639,117.1940857,-1341723170,-11.87
COL,Colombia,2025,118.3926519,125.4404182,-22651096652,-5.62
COM,Comoros,2025,114.2539882,125.1927158,-119543204,-8.737511194
CPV,Cape Verde,2025,121.9110345,134.0095641,-231701818,-9.03
CRI,Costa Rica,2025,117.7571429,119.7512014,-1283824551,-2
CYP,Cyprus,2025,116.8739476,116.7378365,34044229,0.117
CZE,Czech Republic,2025,105.2218607,116.4464153,-24204668475,-9.639
DEU,Germany,2025,103.6603475,107.8348928,-1.50144E+11,-3.871
DJI,Djibouti,2025,127.3140904,160.3058416,-999231263,-20.6
DMA,Dominica,2025,107.4145397,119.031684,-65854615,-9.8
DNK,Denmark,2025,109.0580021,110.2289336,-3894547866,-1.062
DOM,Dominican Republic,2025,125.8449071,134.0095641,-7290009208,-6
DZA,Algeria,2025,107.7786926,113.6131662,-10347765566,-5.135
ECU,Ecuador,2025,107.1347112,105.9376424,1217444637,1.13
EGY,Egypt,2025,129.1861306,141.5842661,-49349220041,-8.76
ESP,Spain,2025,104.2356717,110.4822952,-82700203868,-5.65
EST,Estonia,2025,112.0080027,118.1356426,-1648069130,-5.19
ETH,Ethiopia,2025,144.1303636,148.8102258,-4195029460,-3.145
FIN,Finland,2025,105.5159351,108.666222,-8025171806,-2.899
FJI,Fiji,2025,103.4433437,117.7837091,-747994798,-12.18
FRA,France,2025,105.0131441,108.5365949,-92202100215,-3.25
FSM,Micronesia,2025,101.2971172,103.9833765,-8930698,-2.583
GAB,Gabon,2025,112.3158064,121.037016,-1348320063,-7.21
GBR,United Kingdom,2025,102.4079397,109.4369725,-2.23113E+11,-6.423
GEO,Georgia,2025,130.5249218,129.9767761,97339185,0.422
GHA,Ghana,2025,119.7395472,134.497351,-9218566817,-10.97
GIN,Guinea,2025,134.6589169,141.8519112,-868576270,-5.07
GMB,Gambia,2025,128.2075389,139.3249099,-186496967,-8
GNB,Guinea-Bissau,2025,119.6565295,133.8819359,-177636822,-10.63
GNQ,Equatorial Guinea,2025,85.61412769,81.05199912,458554446,5.63
GRC,Greece,2025,110.3620334,108.2991528,4206475876,1.9
GRD,Grenada,2025,105.397504,120.1018062,-166885057,-12.243198
GTM,Guatemala,2025,121.9580462,120.5690145,983215752,1
GUY,Guyana,2025,528.7987051,355.8320531,8771210951,48.6
HKG,Hong Kong,2025,105.3231555,116.0022546,-35432393184,-9.206
HND,Honduras,2025,118.6980177,122.9255326,-1029837196,-3
HRV,Croatia,2025,119.2509601,115.5173304,2135855701,3.23
HTI,Haiti,2025,94.83642064,103.7174464,-1374263601,-8.56
HUN,Hungary,2025,113.2589281,117.1046198,-5667584737,-3.283979528
IDN,Indonesia,2025,123.5516707,135.4195652,-1.24533E+11,-8.764
IND,India,2025,130.7139226,142.2533777,-3.09921E+11,-8.11
IRL,Ireland,2025,153.5955699,118.9716026,1.28544E+11,29.1
IRN,Iran,2025,118.2760958,105.101005,57219781275,12.54
IRQ,Iraq,2025,106.0211515,119.1430246,-26475399364,-11.014
ISL,Iceland,2025,110.6418499,112.2131628,-327504470,-1.4
ISR,Israel,2025,124.3774376,119.8160836,16350640973,3.807
ITA,Italy,2025,103.3576312,104.0009672,-12340197458,-0.6186
JAM,Jamaica,2025,102.9777857,110.7470981,-1160279069,-7
JOR,Jordan,2025,110.7449669,115.5171097,-1999347630,-4
JPN,Japan,2025,101.00383,102.9348184,-88227893595,-1.88
KAZ,Kazakhstan,2025,117.1447122,124.5975003,-15733355294,-5.98149
KEN,Kenya,2025,131.2320608,140.518726,-7825403268,-6.61
KGZ,Kyrgyzstan,2025,113.6837201,127.5080354,-1094972050,-10.84
KHM,Cambodia,2025,124.9703544,148.3978183,-5566379921,-15.79
KIR,Kiribati,2025,109.6892022,112.4772069,-4935278,-2.48
KNA,Saint Kitts and Nevis,2025,103.1716867,118.4787958,-161678483,-12.92
KOR,South Korea,2025,112.8569394,117.7503564,-80146834299,-4.16
KWT,Kuwait,2025,114.83604,112.8370581,2288084633,1.77
LAO,Lao People's Democratic Republic,2025,119.612714,139.0645157,-3596997159,-13.99
LBR,Liberia,2025,124.0356213,123.6031018,13889646,0.35
LBY,Libya,2025,119.6971498,99.964,12027397930,19.74
LCA,Saint Lucia,2025,107.5581685,116.873688,-184581583,-7.971
LKA,Sri Lanka,2025,90.842346,123.8779767,-32113029831,-26.67
LSO,Lesotho,2025,103.3165401,114.8226779,-275202590,-10.021
LTU,Lithuania,2025,113.4520441,115.3296564,-904973048,-1.63
LUX,Luxembourg,2025,111.5680644,116.906877,-3532804519,-4.567
LVA,Latvia,2025,110.9324297,119.1073614,-2514185051,-6.863
MAC,Macao,2025,83.23187964,100.148218,-8639847302,-16.9
MAR,Morocco,2025,110.9851751,124.4771165,-16683129960,-10.84
MDA,Moldova,2025,109.6613225,124.8379197,-1389488828,-12.16
MDG,Madagascar,2025,115.4991724,133.6244917,-2390069920,-13.5644
MDV,Maldives,2025,127.6385932,138.5390007,-591352202,-7.86811
MEX,Mexico,2025,105.7334269,112.8316204,-88909642358,-6.29
MHL,Marshall Islands,2025,107.2219729,110.739901,-7843337,-3.177
MKD,North Macedonia,2025,107.847688,120.4521843,-1409874664,-10.46
MLI,Mali,2025,117.6694853,133.3726376,-2517017636,-11.774
MLT,Malta,2025,119.7911643,123.1791665,-484582424,-2.75
MMR,Myanmar,2025,93.22898724,148.258869,-46052851851,-37.1
MNE,Montenegro,2025,110.8299335,120.2182963,-448740873,-7.809
MNG,Mongolia,2025,121.2993439,137.4921927,-2295266088,-11.78
MOZ,Mozambique,2025,126.023616,128.3655453,-425846844,-1.82
MRT,Mauritania,2025,125.8242521,156.1272936,-2218530130,-19.4
MUS,Mauritius,2025,108.3055226,126.4102366,-2511368654,-14.322
MWI,Malawi,2025,111.7672705,135.5471864,-1778129736,-17.5
MYS,Malaysia,2025,119.8804475,130.2260125,-37720101536,-7.94
NAM,Namibia,2025,103.893505,110.6391563,-758636854,-6.09698
NER,Niger,2025,153.5902796,175.505257,-2676282935,-12.49
NGA,Nigeria,2025,114.7846321,113.2803162,7662561651,1.33
NIC,Nicaragua,2025,124.2331041,104.1613396,2604788422,19.3
NLD,Netherlands,2025,109.394971,109.5231844,-1077313484,-0.117
NOR,Norway,2025,113.6111133,111.1682157,9929598028,2.2
NPL,Nepal,2025,123.8200253,146.3255127,-6887870001,-15.38
NRU,Nauru,2025,111.6637214,109.8968928,1583432,1.6077
NZL,New Zealand,2025,109.5501729,116.3747372,-13795904225,-5.864
OMN,Oman,2025,111.2206104,127.9971497,-13933518265,-13.10696319
PAK,Pakistan,2025,117.6561398,122.9134394,-17055310503,-4.28
PAN,Panama,2025,123.8479771,131.4754101,-4882055826,-5.8
PER,Peru,2025,111.738341,123.0436112,-24308612277,-9.19
PHL,Philippines,2025,122.337271,143.3302861,-83179529375,-14.647
PLW,Palau,2025,98.21978901,112.615809,-38890869,-12.8
PNG,Papua New Guinea,2025,113.2861509,119.1734874,-1455341280,-4.94
POL,Poland,2025,117.3171753,120.9190532,-20584844692,-2.979
PRI,Puerto Rico,2025,98.24142237,95.58158793,2563807739,2.783
PRT,Portugal,2025,108.2853673,109.4520548,-2594274188,-1.07
PRY,Paraguay,2025,117.3575142,124.3551074,-2846411028,-5.63
QAT,Qatar,2025,112.2160574,118.8131551,-11051136654,-5.552
ROU,Romania,2025,117.6227317,120.4519583,-6167293704,-2.35
RUS,Russia,2025,102.8852586,111.0791628,-1.19758E+11,-7.38
RWA,Rwanda,2025,142.1674363,158.8343651,-1863845489,-10.493
SAU,Saudi Arabia,2025,116.4138124,114.50512,12962449269,1.667
SDN,Sudan,2025,97.31644273,98.79482254,-1246339297,-1.5
SEN,Senegal,2025,135.5553426,149.7925248,-3211998622,-9.5
SGP,Singapore,2025,113.5657692,112.7552389,2835703886,0.719
SLB,Solomon Islands,2025,99.96716364,117.562281,-261757510,-14.96663
SLE,Sierra Leone,2025,117.6714271,133.7544293,-816487658,-12.02
SLV,El Salvador,2025,111.0098299,115.9693418,-1278551019,-4.277
SMR,San Marino,2025,101.1123817,103.3393637,-33598812,-2.16
SOM,Somalia,2025,120.1228383,122.5692267,-167521763,-1.996
SRB,Serbia,2025,119.6439829,126.4102366,-3086472312,-5.35
SSD,South Sudan,2025,101.9364472,138.9067911,-4435628201,-26.6
STP,Sao Tome and Principe,2025,115.9410119,128.3627022,-44687400,-9.68
SUR,Suriname,2025,90.74038697,113.7241176,-1208088643,-20.21
SVK,Slovakia,2025,108.330528,117.0444933,-8670155776,-7.45
SVN,Slovenia,2025,116.3502293,115.3565,500671680,0.861
SWE,Sweden,2025,108.867949,111.9991638,-17216085622,-2.796
SWZ,Eswatini,2025,116.060433,116.0824826,-971252,-0.019
SYC,Seychelles,2025,119.4060446,121.9783623,-42670820,-2.1088
TCD,Chad,2025,109.3104928,133.3702216,-2532540839,-18
TGO,Togo,2025,130.9314883,137.8842807,-354472500,-5
THA,Thailand,2025,108.7621335,118.3654783,-44211895444,-8.11
TJK,Tajikistan,2025,143.8808696,134.6477048,1010444537,6.86
TKM,Turkmenistan,2025,90.79729262,137.4921927,-21344250850,-34
TLS,Timor-Leste,2025,155.8669777,133.3719095,440927788,16.87
TON,Tonga,2025,103.6251706,116.0396814,-60305193,-10.7
TTO,Trinidad and Tobago,2025,101.554341,111.1872801,-2280644534,-8.66
TUN,Tunisia,2025,106.0471111,116.1950694,-5001615726,-8.7336
TUR,Turkey,2025,134.3158541,125.3152489,89681076115,7.18
TUV,Tuvalu,2025,115.9249399,124.2850119,-3832335,-6.73
TZA,Tanzania,2025,131.1307805,142.7904356,-7032934883,-8.1655715
UGA,Uganda,2025,133.670718,142.3865702,-3451481607,-6.121
URY,Uruguay,2025,110.2451872,120.3325179,-5599814681,-8.383
USA,United States,2025,109.6492377,110.7522461,-2.19818E+11,-1
UZB,Uzbekistan,2025,135.582967,141.4504436,-6228997314,-4.15
VCT,Saint Vincent and the Grenadines,2025,115.4196206,114.6182576,6905810,0.7
VNM,Vietnam,2025,136.6022003,145.3669664,-27604425678,-6.029
VUT,Vanuatu,2025,105.1584538,118.7110152,-117121116,-11.42
WSM,Samoa,2025,94.9099404,116.5304483,-202563672,-18.55
YEM,Yemen,2025,110.2232145,143.1716743,-12121456096,-23
ZAF,South Africa,2025,103.6652635,108.4837728,-17323388368,-4
ZMB,Zambia,2025,120.7954826,123.148203,-566767078,-1.91
ZWE,Zimbabwe,2025,113.7443316,117.5619464,-787233340,-3.247
